Continent,Week,mean,std,min,max
Africa,26/01/2020 - 01/02/2020,0.0,0.0,0,0
Africa,02/02/2020 - 08/02/2020,0.0,0.0,0,0
Africa,09/02/2020 - 15/02/2020,0.0,0.0,0,0
Africa,16/02/2020 - 22/02/2020,0.0,0.0,0,0
Africa,23/02/2020 - 29/02/2020,0.0,0.0,0,0
Africa,01/03/2020 - 07/03/2020,0.0,0.0,0,0
Africa,08/03/2020 - 14/03/2020,0.05714285714285714,0.23550410797680277,0,1
Africa,15/03/2020 - 21/03/2020,0.6571428571428571,1.7310801990266609,0,9
Africa,22/03/2020 - 28/03/2020,3.742857142857143,5.590658475070173,0,19
Africa,29/03/2020 - 04/04/2020,12.8,15.788677998527188,0,59
Africa,05/04/2020 - 11/04/2020,15.0,18.84612614274444,0,82
Africa,12/04/2020 - 18/04/2020,8.942857142857143,11.235298517311822,0,41
Africa,19/04/2020 - 25/04/2020,6.142857142857143,11.540575113467257,0,42
Africa,26/04/2020 - 02/05/2020,2.657142857142857,5.296740713389126,0,25
Africa,03/05/2020 - 09/05/2020,2.142857142857143,4.583492485141056,-6,18
Africa,10/05/2020 - 16/05/2020,0.9714285714285714,1.688816402198929,-1,5
Africa,17/05/2020 - 23/05/2020,0.6285714285714286,1.1137037911643208,0,5
Africa,24/05/2020 - 30/05/2020,1.2857142857142858,1.7247579296719835,0,6
Africa,31/05/2020 - 06/06/2020,4.857142857142857,13.597454037521915,0,76
Africa,07/06/2020 - 13/06/2020,3.7142857142857144,7.102490982131585,0,28
Africa,14/06/2020 - 20/06/2020,4.142857142857143,6.950001511395761,0,27
Africa,21/06/2020 - 27/06/2020,5.914285714285715,11.30947397895553,-1,62
Africa,28/06/2020 - 04/07/2020,3.2,5.6035702904487605,0,23
Africa,05/07/2020 - 11/07/2020,10.82857142857143,20.72861862865205,0,83
Africa,12/07/2020 - 18/07/2020,14.657142857142857,24.310422428568828,0,98
Africa,19/07/2020 - 25/07/2020,25.6,53.679440691396714,0,273
Africa,26/07/2020 - 01/08/2020,33.51428571428571,55.86663290613555,0,214
Africa,02/08/2020 - 08/08/2020,47.02857142857143,100.76807551013766,0,490
Africa,09/08/2020 - 15/08/2020,25.257142857142856,46.496896074230754,0,154
Africa,16/08/2020 - 22/08/2020,45.77142857142857,56.51500878958965,0,262
Africa,23/08/2020 - 29/08/2020,52.22857142857143,58.493883900639666,0,265
Africa,30/08/2020 - 05/09/2020,59.97142857142857,62.95632739974486,0,254
Africa,06/09/2020 - 12/09/2020,78.51428571428572,85.70310291196868,0,278
Africa,13/09/2020 - 19/09/2020,89.17142857142858,135.1651464199358,0,465
Africa,20/09/2020 - 26/09/2020,141.82857142857142,315.14884305247085,0,1622
Africa,27/09/2020 - 03/10/2020,181.6,407.9469544524861,0,1722
Africa,04/10/2020 - 10/10/2020,198.68571428571428,430.8466201376466,0,1308
Africa,11/10/2020 - 17/10/2020,309.1142857142857,912.1901817774034,0,4360
Africa,18/10/2020 - 24/10/2020,298.34285714285716,1043.2530555024157,0,5752
Africa,25/10/2020 - 31/10/2020,270.51428571428573,589.2498906350729,0,2185
Africa,01/11/2020 - 07/11/2020,389.9714285714286,946.6426583928466,0,3751
Africa,08/11/2020 - 14/11/2020,342.0857142857143,722.9397245816218,0,3209
Africa,15/11/2020 - 21/11/2020,303.0,556.7661881214538,0,1671
Africa,22/11/2020 - 28/11/2020,306.0571428571429,598.476592635646,0,2493
Africa,29/11/2020 - 05/12/2020,264.37142857142857,437.20261056983134,0,1295
Africa,06/12/2020 - 12/12/2020,290.9142857142857,635.5988547831727,0,2620
Africa,13/12/2020 - 19/12/2020,257.7142857142857,444.8945394815542,0,1411
Africa,20/12/2020 - 26/12/2020,322.22857142857146,580.0833147926601,0,1880
Africa,27/12/2020 - 02/01/2021,367.8857142857143,626.199778844747,0,1826
Africa,03/01/2021 - 09/01/2021,429.9428571428571,689.4240112056518,0,2414
Africa,10/01/2021 - 16/01/2021,668.8857142857142,910.9340316861771,0,2820
Africa,17/01/2021 - 23/01/2021,801.6857142857143,1193.9861751940941,0,4170
Africa,24/01/2021 - 30/01/2021,684.4571428571429,1005.7507392887325,0,3890
Africa,31/01/2021 - 06/02/2021,443.6,656.9544348063758,0,2028
Africa,07/02/2021 - 13/02/2021,345.2,501.3577916958283,0,1445
Africa,14/02/2021 - 20/02/2021,246.62857142857143,375.7951636756609,0,1086
Africa,21/02/2021 - 27/02/2021,228.65714285714284,340.58867229765434,0,903
Africa,28/02/2021 - 06/03/2021,226.17142857142858,356.7048941528628,0,1197
Africa,07/03/2021 - 13/03/2021,249.2,479.5057381733575,0,2356
Africa,14/03/2021 - 20/03/2021,212.0857142857143,351.6838797279514,0,1186
Africa,21/03/2021 - 27/03/2021,182.82857142857142,297.06431128968825,0,901
Africa,28/03/2021 - 03/04/2021,256.48571428571427,465.44155957343474,0,2066
Africa,04/04/2021 - 10/04/2021,378.8285714285714,617.9591403642023,0,1847
Africa,11/04/2021 - 17/04/2021,427.54285714285714,699.920177921872,0,2010
Africa,18/04/2021 - 24/04/2021,469.62857142857143,813.6868195664316,0,2649
Africa,25/04/2021 - 01/05/2021,511.0857142857143,868.9671817883632,0,2603
Africa,02/05/2021 - 08/05/2021,392.8,679.3676904471756,0,1957
Africa,09/05/2021 - 15/05/2021,336.1714285714286,548.9435568174824,0,1448
Africa,16/05/2021 - 22/05/2021,239.25714285714287,398.152080230151,0,1193
Africa,23/05/2021 - 29/05/2021,337.57142857142856,549.8803231139474,0,1749
Africa,30/05/2021 - 05/06/2021,376.0571428571429,593.1076156124442,0,1702
Africa,06/06/2021 - 12/06/2021,427.8285714285714,693.6051803573034,0,1950
Africa,13/06/2021 - 19/06/2021,532.0,826.8764044494766,0,2373
Africa,20/06/2021 - 26/06/2021,597.1142857142858,867.5871806143672,0,2379
Africa,27/06/2021 - 03/07/2021,975.5142857142857,1406.4439381861278,0,4664
Africa,04/07/2021 - 10/07/2021,1422.3428571428572,2134.3796859269155,0,6776
Africa,11/07/2021 - 17/07/2021,2075.057142857143,3113.0076712633618,0,9823
Africa,18/07/2021 - 24/07/2021,2202.0857142857144,2882.0917992832565,0,8473
Africa,25/07/2021 - 31/07/2021,1467.6857142857143,2003.6337837778133,0,6158
Africa,01/08/2021 - 07/08/2021,1429.4,1759.9540802833128,0,5967
Africa,08/08/2021 - 14/08/2021,1188.6571428571428,2118.5331349066687,0,8530
Africa,15/08/2021 - 21/08/2021,1022.0,1829.3248352715207,0,8197
Africa,22/08/2021 - 28/08/2021,971.2,1589.7687179179834,0,5622
Africa,29/08/2021 - 04/09/2021,946.2285714285714,1369.815790228622,0,4381
Africa,05/09/2021 - 11/09/2021,674.2857142857143,936.159475209865,0,3134
Africa,12/09/2021 - 18/09/2021,531.3428571428572,814.0351901215959,0,2869
Africa,19/09/2021 - 25/09/2021,779.2571428571429,1919.4994957763636,0,9607
Africa,26/09/2021 - 02/10/2021,355.1714285714286,622.3274854605602,0,2639
Africa,03/10/2021 - 09/10/2021,221.45714285714286,378.42260401156113,0,1623
Africa,10/10/2021 - 16/10/2021,142.0857142857143,225.52766511249223,0,977
Africa,17/10/2021 - 23/10/2021,100.02857142857142,175.16135178647107,0,813
Africa,24/10/2021 - 30/10/2021,144.8,391.7029787088831,0,2195
Africa,31/10/2021 - 06/11/2021,255.62857142857143,375.11724329666237,0,1066
Africa,07/11/2021 - 13/11/2021,424.48571428571427,1022.1950248888727,0,5654
Africa,14/11/2021 - 20/11/2021,458.4,726.183950119916,0,2125
Africa,21/11/2021 - 27/11/2021,351.8285714285714,570.6894429864061,0,1996
Africa,28/11/2021 - 04/12/2021,219.6,431.2247400956817,0,1875
Africa,05/12/2021 - 11/12/2021,272.74285714285713,451.31672345920174,0,2140
Africa,12/12/2021 - 18/12/2021,1121.9142857142858,2461.197286011885,-14,9185
Africa,19/12/2021 - 25/12/2021,1032.6571428571428,1919.6652579345723,0,7510
Africa,26/12/2021 - 01/01/2022,834.4857142857143,1420.916571865386,-41,4837
Africa,02/01/2022 - 08/01/2022,922.7142857142857,1626.8721988098832,0,7027
Africa,09/01/2022 - 15/01/2022,1242.4,2099.966178999361,0,9358
Africa,16/01/2022 - 22/01/2022,1877.2857142857142,3639.719329607618,0,16256
Africa,23/01/2022 - 29/01/2022,3040.285714285714,6777.096847520498,0,31401
Africa,30/01/2022 - 05/02/2022,4110.0,9600.305123827482,0,46914
Africa,06/02/2022 - 12/02/2022,2987.057142857143,7938.60540776326,0,45474
Africa,13/02/2022 - 19/02/2022,2089.342857142857,5198.612133472328,0,30782
Africa,20/02/2022 - 26/02/2022,1854.4857142857143,3853.1649662508426,0,21707
Africa,27/02/2022 - 05/03/2022,1316.2571428571428,2374.3718220994433,0,13632
Africa,06/03/2022 - 12/03/2022,713.9428571428572,1799.3599996674823,0,10036
Africa,13/03/2022 - 19/03/2022,1341.4857142857143,3133.355431026435,0,11566
Africa,20/03/2022 - 26/03/2022,633.7428571428571,2332.4658921011314,0,11196
Africa,27/03/2022 - 02/04/2022,727.8,2457.3805494277603,0,11642
Africa,03/04/2022 - 09/04/2022,1723.8,7199.246373140488,0,41576
Africa,10/04/2022 - 16/04/2022,497.7142857142857,1991.5621650209307,0,10996
Africa,17/04/2022 - 23/04/2022,509.6,2172.39961116463,0,12504
Africa,24/04/2022 - 30/04/2022,487.85714285714283,2356.0215237064513,0,13850
Africa,01/05/2022 - 07/05/2022,401.77142857142854,2175.7487701764585,0,12889
Africa,08/05/2022 - 14/05/2022,417.45714285714286,1854.5514653994176,0,10931
Africa,15/05/2022 - 21/05/2022,293.51428571428573,1330.228206238414,0,7865
Africa,22/05/2022 - 28/05/2022,246.57142857142858,915.6045346466706,0,5383
Africa,29/05/2022 - 04/06/2022,197.9142857142857,598.6797912381667,-573,3252
Africa,05/06/2022 - 11/06/2022,165.45714285714286,415.23716418573184,0,2046
Africa,12/06/2022 - 18/06/2022,161.62857142857143,505.27773875098734,0,2305
Africa,19/06/2022 - 25/06/2022,210.68571428571428,689.2599087780599,0,3811
Africa,26/06/2022 - 02/07/2022,298.7142857142857,880.1503070642027,0,4286
Africa,03/07/2022 - 09/07/2022,371.6,1035.4075696527032,0,5477
Africa,10/07/2022 - 16/07/2022,530.1142857142858,2388.3366938154277,0,13947
Africa,17/07/2022 - 23/07/2022,679.4285714285714,3537.3773708590306,0,20903
Africa,24/07/2022 - 30/07/2022,1000.5428571428571,4659.766381059293,0,27340
Africa,31/07/2022 - 06/08/2022,817.7714285714286,2701.4508311789264,0,14323
Africa,07/08/2022 - 13/08/2022,456.65714285714284,1507.3973468679515,0,5967
Africa,14/08/2022 - 20/08/2022,388.51428571428573,1659.159893217198,0,8825
Africa,21/08/2022 - 27/08/2022,383.3142857142857,1094.5116227966585,0,5093
Africa,28/08/2022 - 03/09/2022,205.54285714285714,968.9101318994858,0,5711
Africa,04/09/2022 - 10/09/2022,280.7142857142857,1225.2338209363902,0,7014
Africa,11/09/2022 - 17/09/2022,85.28571428571429,347.0530194643576,0,1849
Africa,18/09/2022 - 24/09/2022,301.14285714285717,921.1054146371899,0,4661
Africa,25/09/2022 - 01/10/2022,52.885714285714286,224.7144294208006,0,1325
Africa,02/10/2022 - 08/10/2022,86.37142857142857,229.74308998304608,0,1029
Africa,09/10/2022 - 15/10/2022,18.8,65.1165470973573,0,356
Africa,16/10/2022 - 22/10/2022,25.228571428571428,91.46265252398211,0,529
Africa,23/10/2022 - 29/10/2022,39.8,127.14739015618612,0,603
Africa,30/10/2022 - 05/11/2022,32.82857142857143,129.46779879325106,0,685
Africa,06/11/2022 - 12/11/2022,47.542857142857144,168.38634548127052,0,836
Africa,13/11/2022 - 19/11/2022,91.57142857142857,374.5665169636124,0,1908
Africa,20/11/2022 - 26/11/2022,33.74285714285714,128.25350421933047,0,575
Africa,27/11/2022 - 03/12/2022,104.62857142857143,586.4803835902223,0,3470
Africa,04/12/2022 - 10/12/2022,238.28571428571428,823.2039119636572,0,4589
Africa,11/12/2022 - 17/12/2022,185.85714285714286,958.2570925707697,-1960,4707
Africa,18/12/2022 - 24/12/2022,271.8285714285714,853.3446130206885,0,3831
Africa,25/12/2022 - 31/12/2022,134.97142857142856,466.9467462843554,0,1981
Africa,01/01/2023 - 07/01/2023,12.657142857142857,60.6411541762847,0,349
Africa,08/01/2023 - 14/01/2023,159.8,699.1269681875094,0,3953
Africa,15/01/2023 - 21/01/2023,100.2,309.4453101922859,0,1213
Africa,22/01/2023 - 28/01/2023,109.54285714285714,449.1332399487826,0,2488
Africa,29/01/2023 - 04/02/2023,91.65714285714286,305.82789689792594,0,1625
Africa,05/02/2023 - 11/02/2023,63.371428571428574,221.4507096550442,0,1082
Africa,12/02/2023 - 18/02/2023,41.714285714285715,143.3913959656394,0,759
Africa,19/02/2023 - 25/02/2023,49.371428571428574,152.89117346782888,0,693
Africa,26/02/2023 - 04/03/2023,23.2,72.00931312316892,0,279
Africa,05/03/2023 - 11/03/2023,12.571428571428571,45.273863200257495,0,206
Africa,12/03/2023 - 18/03/2023,47.3,139.11680060483823,0,602
America,26/01/2020 - 01/02/2020,0.07,0.3828389433765282,0,3
America,02/02/2020 - 08/02/2020,0.022857142857142857,0.1842750852957484,0,2
America,09/02/2020 - 15/02/2020,0.045714285714285714,0.2997535933875831,0,3
America,16/02/2020 - 22/02/2020,0.017142857142857144,0.13017608385522195,0,1
America,23/02/2020 - 29/02/2020,0.05714285714285714,0.27780514369851583,0,2
America,01/03/2020 - 07/03/2020,0.32571428571428573,1.2234168416663662,0,8
America,08/03/2020 - 14/03/2020,3.52,17.002312215979778,0,166
America,15/03/2020 - 21/03/2020,19.611428571428572,88.07858224475635,0,759
America,22/03/2020 - 28/03/2020,209.50857142857143,1021.6891572888061,0,8919
America,29/03/2020 - 04/04/2020,683.8571428571429,3143.445608813123,-1,22164
America,05/04/2020 - 11/04/2020,1301.1771428571428,5925.649738616171,0,35824
America,12/04/2020 - 18/04/2020,1401.5428571428572,6139.380758689283,-21,36026
America,19/04/2020 - 25/04/2020,1310.222857142857,5534.404500412596,0,33157
America,26/04/2020 - 02/05/2020,1470.337142857143,5841.993073886395,0,32078
America,03/05/2020 - 09/05/2020,1408.8514285714286,5375.077253728247,0,34822
America,10/05/2020 - 16/05/2020,1305.7885714285715,4828.73973181096,-1583,28210
America,17/05/2020 - 23/05/2020,1317.1028571428571,4413.174908268287,-50,25877
America,24/05/2020 - 30/05/2020,1452.2514285714285,4450.066039118108,0,25112
America,31/05/2020 - 06/06/2020,1551.6857142857143,4318.187036907305,0,24737
America,07/06/2020 - 13/06/2020,1563.7714285714285,4460.576567583045,0,27711
America,14/06/2020 - 20/06/2020,1618.36,4437.36450485708,0,25555
America,21/06/2020 - 27/06/2020,1797.48,5427.23585880754,0,31866
America,28/06/2020 - 04/07/2020,2343.3771428571426,7841.181964734158,0,49086
America,05/07/2020 - 11/07/2020,2764.2114285714288,9746.62695770912,0,55084
America,12/07/2020 - 18/07/2020,3158.017142857143,11542.603395892835,0,68522
America,19/07/2020 - 25/07/2020,3476.4342857142856,12638.415806942045,0,70774
America,26/07/2020 - 01/08/2020,3519.714285714286,12863.119656491126,0,74949
America,02/08/2020 - 08/08/2020,3536.457142857143,12108.175199565898,0,69204
America,09/08/2020 - 15/08/2020,3332.9714285714285,11208.460523875301,0,63767
America,16/08/2020 - 22/08/2020,3227.6628571428573,10674.8391070027,0,70072
America,23/08/2020 - 29/08/2020,2824.1885714285713,8544.04538723777,0,47900
America,30/08/2020 - 05/09/2020,2852.342857142857,8426.263272877388,0,50437
America,06/09/2020 - 12/09/2020,2760.8342857142857,8181.259371127913,0,48659
America,13/09/2020 - 19/09/2020,2607.382857142857,7574.165700176318,-7953,45615
America,20/09/2020 - 26/09/2020,2806.7485714285713,8385.983128314436,0,50227
America,27/09/2020 - 03/10/2020,2822.8914285714286,8306.971510938676,0,48997
America,04/10/2020 - 10/10/2020,2849.217142857143,8707.94237534609,0,53547
America,11/10/2020 - 17/10/2020,3345.1257142857144,10204.499584850231,0,58213
America,18/10/2020 - 24/10/2020,3402.68,11316.545615475,-2,70310
America,25/10/2020 - 31/10/2020,4087.0514285714285,14045.418797956283,0,82132
America,01/11/2020 - 07/11/2020,4479.657142857143,16669.894682356397,0,100499
America,08/11/2020 - 14/11/2020,5742.12,23108.014955814815,0,130032
America,15/11/2020 - 21/11/2020,7072.211428571429,29503.917189680098,0,178761
America,22/11/2020 - 28/11/2020,7948.4228571428575,34079.353843901816,0,201085
America,29/11/2020 - 05/12/2020,7916.754285714285,33410.025747016254,0,215202
America,06/12/2020 - 12/12/2020,9255.177142857143,39623.93781277018,0,235134
America,13/12/2020 - 19/12/2020,9928.891428571429,42777.90737312633,0,236902
America,20/12/2020 - 26/12/2020,10187.285714285714,43447.87199157236,-4,246440
America,27/12/2020 - 02/01/2021,8748.091428571428,37481.08025272394,0,220787
America,03/01/2021 - 09/01/2021,10434.205714285714,44805.724902749724,0,313926
America,10/01/2021 - 16/01/2021,11793.2,49181.53988838804,0,302860
America,17/01/2021 - 23/01/2021,10793.382857142857,42856.561100537125,0,244336
America,24/01/2021 - 30/01/2021,8769.548571428571,33435.414025456026,0,192027
America,31/01/2021 - 06/02/2021,7713.16,28970.450489032293,0,166715
America,07/02/2021 - 13/02/2021,6238.691428571428,23311.29161736333,0,130407
America,14/02/2021 - 20/02/2021,5045.371428571429,17993.36542621329,0,106152
America,21/02/2021 - 27/02/2021,3888.417142857143,12983.973145645015,0,74874
America,28/02/2021 - 06/03/2021,4002.88,13530.078844245305,0,77060
America,07/03/2021 - 13/03/2021,3626.72,11702.577055140215,0,68441
America,14/03/2021 - 20/03/2021,3480.897142857143,10669.514688612082,0,62274
America,21/03/2021 - 27/03/2021,3672.194285714286,10947.367398171209,0,62203
America,28/03/2021 - 03/04/2021,4239.354285714286,12766.323018101015,0,87825
America,04/04/2021 - 10/04/2021,4363.908571428571,12923.26720738343,-130,76845
America,11/04/2021 - 17/04/2021,5222.377142857143,14162.23560285377,0,84412
America,18/04/2021 - 24/04/2021,5147.794285714286,13998.024559438156,0,82748
America,25/04/2021 - 01/05/2021,4828.32,12131.481093324968,0,66213
America,02/05/2021 - 08/05/2021,4236.88,10428.76380097621,0,57726
America,09/05/2021 - 15/05/2021,3765.177142857143,8911.700345228892,0,48165
America,16/05/2021 - 22/05/2021,3543.3771428571426,7799.492174416543,0,41582
America,23/05/2021 - 29/05/2021,3646.114285714286,8006.495133339998,0,39652
America,30/05/2021 - 05/06/2021,3223.8285714285716,7200.1490473306685,0,41080
America,06/06/2021 - 12/06/2021,2998.76,6441.234442051559,0,35355
America,13/06/2021 - 19/06/2021,2692.2,5627.5592042821845,0,31137
America,20/06/2021 - 26/06/2021,2331.822857142857,4814.033198977117,0,27260
America,27/06/2021 - 03/07/2021,2238.422857142857,4719.630946211796,0,27319
America,04/07/2021 - 10/07/2021,2212.1485714285714,4740.987329961677,0,29596
America,11/07/2021 - 17/07/2021,2500.457142857143,5638.373558706493,-2,46974
America,18/07/2021 - 24/07/2021,3077.24,8176.892643901168,0,78031
America,25/07/2021 - 31/07/2021,3888.8514285714286,12372.963284418562,-90,120781
America,01/08/2021 - 07/08/2021,5155.4628571428575,18684.143298884956,0,191156
America,08/08/2021 - 14/08/2021,6392.12,25074.333304814307,0,251959
America,15/08/2021 - 21/08/2021,7176.611428571428,28148.55854229598,0,226712
America,22/08/2021 - 28/08/2021,7942.217142857143,31561.838036827354,0,239003
America,29/08/2021 - 04/09/2021,7949.4914285714285,33079.40656580186,0,238345
America,05/09/2021 - 11/09/2021,8177.702857142857,34763.827103754054,0,235115
America,12/09/2021 - 18/09/2021,7281.114285714286,31588.234995038998,0,241690
America,19/09/2021 - 25/09/2021,7026.211428571429,30753.69763294682,0,210630
America,26/09/2021 - 02/10/2021,6016.925714285714,25136.134530554376,0,174569
America,03/10/2021 - 09/10/2021,5257.72,22488.975673570298,-34,154832
America,10/10/2021 - 16/10/2021,4606.062857142857,19933.026077617236,0,140564
America,17/10/2021 - 23/10/2021,3983.9142857142856,17332.237775564437,0,111005
America,24/10/2021 - 30/10/2021,3434.7542857142857,15086.07940324843,0,96631
America,31/10/2021 - 06/11/2021,3521.84,15558.65252371051,0,109473
America,07/11/2021 - 13/11/2021,3463.5714285714284,15442.18436822969,0,109840
America,14/11/2021 - 20/11/2021,3753.7085714285713,17299.12196066562,-407,144121
America,21/11/2021 - 27/11/2021,4278.868571428571,19505.082804996084,0,131057
America,28/11/2021 - 04/12/2021,3495.1885714285713,16260.446128314648,0,140896
America,05/12/2021 - 11/12/2021,5483.988571428571,25551.815824983783,0,185150
America,12/12/2021 - 18/12/2021,5366.994285714286,24806.616949686493,0,174919
America,19/12/2021 - 25/12/2021,6261.868571428571,27688.525227117858,0,192508
America,26/12/2021 - 01/01/2022,9959.57142857143,42605.2522446765,0,274389
America,02/01/2022 - 08/01/2022,20681.022857142856,87714.41073747494,0,597949
America,09/01/2022 - 15/01/2022,36898.67428571429,150771.20104047187,0,1042792
America,16/01/2022 - 22/01/2022,42790.46857142857,168052.45504961978,0,1354505
America,23/01/2022 - 29/01/2022,39705.99428571429,148294.54296500972,0,1132846
America,30/01/2022 - 05/02/2022,30040.577142857142,110996.23753571346,0,908747
America,06/02/2022 - 12/02/2022,18348.56,63106.33331875234,0,535312
America,13/02/2022 - 19/02/2022,12016.377142857144,39508.3121305969,0,342590
America,20/02/2022 - 26/02/2022,7979.845714285714,22649.487024821403,0,167199
America,27/02/2022 - 05/03/2022,5622.977142857143,14613.614609055603,0,89182
America,06/03/2022 - 12/03/2022,3942.2971428571427,11222.11065712925,0,96764
America,13/03/2022 - 19/03/2022,3097.554285714286,8202.764090216007,-400,61334
America,20/03/2022 - 26/03/2022,2666.08,7193.814620780893,-1073,52025
America,27/03/2022 - 02/04/2022,2287.44,6604.648903073772,0,44415
America,03/04/2022 - 09/04/2022,2033.6,6026.818980439724,0,44550
America,10/04/2022 - 16/04/2022,2365.6,8419.650439135901,0,73178
America,17/04/2022 - 23/04/2022,2180.8114285714287,7948.490881407783,-11193,56068
America,24/04/2022 - 30/04/2022,2694.2114285714288,10963.755235198383,0,88576
America,01/05/2022 - 07/05/2022,2921.594285714286,11817.488266152703,0,89812
America,08/05/2022 - 14/05/2022,3529.6857142857143,16534.469504733308,-400,129052
America,15/05/2022 - 21/05/2022,4312.931428571429,19482.072636494857,0,161021
America,22/05/2022 - 28/05/2022,5531.965714285714,26126.92764727943,-1556,203833
America,29/05/2022 - 04/06/2022,5131.754285714285,24311.78145224669,0,210740
America,05/06/2022 - 11/06/2022,5712.4457142857145,26520.82632912307,0,228723
America,12/06/2022 - 18/06/2022,5260.5028571428575,23875.771881095192,0,198599
America,19/06/2022 - 25/06/2022,5711.36,24024.202379420552,0,184888
America,26/06/2022 - 02/07/2022,5635.5257142857145,22622.270335828885,0,185360
America,03/07/2022 - 09/07/2022,6470.651428571428,26604.800426936305,0,189893
America,10/07/2022 - 16/07/2022,6610.365714285715,24862.2959632982,0,200404
America,17/07/2022 - 23/07/2022,8229.26857142857,30241.4139862412,0,204317
America,24/07/2022 - 30/07/2022,8302.685714285713,28287.239487345705,0,216403
America,31/07/2022 - 06/08/2022,7788.154285714286,31078.531082504094,0,239777
America,07/08/2022 - 13/08/2022,6920.017142857143,26739.468766263915,-10552,200399
America,14/08/2022 - 20/08/2022,6420.4857142857145,25598.313323759165,0,196479
America,21/08/2022 - 27/08/2022,4846.765714285714,19915.06334402477,0,149128
America,28/08/2022 - 03/09/2022,5091.12,21713.48022112308,0,151689
America,04/09/2022 - 10/09/2022,3995.16,18646.87173134028,0,154220
America,11/09/2022 - 17/09/2022,3471.0285714285715,16846.258994458512,0,123971
America,18/09/2022 - 24/09/2022,2720.64,13361.428334136881,-141,103201
America,25/09/2022 - 01/10/2022,2881.1828571428573,13225.09836309347,0,98364
America,02/10/2022 - 08/10/2022,2290.405714285714,10980.782215242589,0,86545
America,09/10/2022 - 15/10/2022,2118.6457142857143,9740.072251860423,0,71377
America,16/10/2022 - 22/10/2022,1852.5657142857142,8614.86895684695,-1908,64701
America,23/10/2022 - 29/10/2022,1908.7428571428572,8403.588688607422,0,60699
America,30/10/2022 - 05/11/2022,1948.2342857142858,8584.075063608678,0,71540
America,06/11/2022 - 12/11/2022,2086.0,9614.392057934716,-111,74039
America,13/11/2022 - 19/11/2022,1957.4914285714285,9719.920235747513,-229,97325
America,20/11/2022 - 26/11/2022,2285.3771428571426,10401.105130028798,-1301,84748
America,27/11/2022 - 03/12/2022,2063.28,10363.70559124819,-267,113440
America,04/12/2022 - 10/12/2022,3597.7771428571427,14435.021481597701,0,113012
America,11/12/2022 - 17/12/2022,3615.285714285714,16057.475555181596,-270,145440
America,18/12/2022 - 24/12/2022,3750.9714285714285,16699.915274211595,0,148168
America,25/12/2022 - 31/12/2022,3595.5485714285714,18793.706629953078,-65286,182123
America,01/01/2023 - 07/01/2023,3649.3314285714287,15953.016365734284,0,113344
America,08/01/2023 - 14/01/2023,4139.942857142857,20362.418544876145,-1029,198116
America,15/01/2023 - 21/01/2023,2925.6114285714284,14046.575125495554,0,139618
America,22/01/2023 - 28/01/2023,2667.8285714285716,13728.830216313925,0,128630
America,29/01/2023 - 04/02/2023,2048.5714285714284,10332.488508343045,-1524,102308
America,05/02/2023 - 11/02/2023,2216.52,12001.975396719003,-44,116509
America,12/02/2023 - 18/02/2023,1723.4171428571428,9641.764251251734,0,83517
America,19/02/2023 - 25/02/2023,1943.0857142857142,9748.25606145721,0,89007
America,26/02/2023 - 04/03/2023,1729.72,10418.076124951636,-134,110163
America,05/03/2023 - 11/03/2023,1835.3885714285714,9787.104803482558,-3862,90417
America,12/03/2023 - 18/03/2023,1968.95,8694.952810177416,0,64861
Asia,26/01/2020 - 01/02/2020,1.9519230769230769,5.541335942970824,0,33
Asia,02/02/2020 - 08/02/2020,4.851648351648351,15.518834485465147,0,99
Asia,09/02/2020 - 15/02/2020,4.8791208791208796,14.693806839749561,0,93
Asia,16/02/2020 - 22/02/2020,2.197802197802198,5.7300598865282,0,42
Asia,23/02/2020 - 29/02/2020,4.164835164835165,22.90203191847349,0,229
Asia,01/03/2020 - 07/03/2020,18.675824175824175,96.33493235221546,0,813
Asia,08/03/2020 - 14/03/2020,22.791208791208792,103.49617832467305,0,851
Asia,15/03/2020 - 21/03/2020,13.521978021978022,31.35216225133074,-28,242
Asia,22/03/2020 - 28/03/2020,36.57142857142857,64.22098293219,0,566
Asia,29/03/2020 - 04/04/2020,105.96153846153847,275.27405461171134,0,2069
Asia,05/04/2020 - 11/04/2020,192.57692307692307,511.0952837561437,0,3135
Asia,12/04/2020 - 18/04/2020,296.6978021978022,864.7809749822644,0,5138
Asia,19/04/2020 - 25/04/2020,398.15934065934067,1090.3984126121918,0,6060
Asia,26/04/2020 - 02/05/2020,430.0164835164835,1227.382231977146,0,6361
Asia,03/05/2020 - 09/05/2020,451.2802197802198,1555.2222464844604,0,10633
Asia,10/05/2020 - 16/05/2020,552.2582417582418,2073.111690699278,0,11231
Asia,17/05/2020 - 23/05/2020,527.7637362637363,1992.165512716976,0,11656
Asia,24/05/2020 - 30/05/2020,457.66483516483515,1725.4481787149195,0,9434
Asia,31/05/2020 - 06/06/2020,462.3076923076923,1686.978699130999,0,9268
Asia,07/06/2020 - 13/06/2020,464.2802197802198,1680.0760189141258,0,8971
Asia,14/06/2020 - 20/06/2020,488.72527472527474,1685.7199492541638,0,8970
Asia,21/06/2020 - 27/06/2020,465.96153846153845,1539.9422008432496,0,8241
Asia,28/06/2020 - 04/07/2020,453.0989010989011,1384.6106982631045,0,7586
Asia,05/07/2020 - 11/07/2020,478.2692307692308,1321.8442578577287,0,6752
Asia,12/07/2020 - 18/07/2020,517.6923076923077,1322.6698989953832,0,6623
Asia,19/07/2020 - 25/07/2020,519.2252747252747,1283.9254159929997,0,6511
Asia,26/07/2020 - 01/08/2020,534.0054945054945,1210.933229894391,-2,5901
Asia,02/08/2020 - 08/08/2020,588.9175824175824,1276.96189814043,0,5607
Asia,09/08/2020 - 15/08/2020,619.8516483516484,1286.4371824069128,-2,6263
Asia,16/08/2020 - 22/08/2020,626.3681318681319,1331.4475534121118,0,6725
Asia,23/08/2020 - 29/08/2020,608.2472527472528,1238.853867645071,0,4884
Asia,30/08/2020 - 05/09/2020,639.2527472527472,1269.1793719988234,0,5197
Asia,06/09/2020 - 12/09/2020,648.5494505494505,1269.5401939958292,0,5144
Asia,13/09/2020 - 19/09/2020,749.2747252747253,1451.851072723614,0,5421
Asia,20/09/2020 - 26/09/2020,832.1648351648352,1626.6748938396745,0,6043
Asia,27/09/2020 - 03/10/2020,926.1153846153846,1933.9880340618977,0,8390
Asia,04/10/2020 - 10/10/2020,962.8901098901099,2134.8236303284702,0,10376
Asia,11/10/2020 - 17/10/2020,1033.1208791208792,2456.9276274491644,0,13442
Asia,18/10/2020 - 24/10/2020,1073.3131868131868,2807.61294095785,0,14937
Asia,25/10/2020 - 31/10/2020,1151.3406593406594,3147.440535976646,0,17077
Asia,01/11/2020 - 07/11/2020,1183.8461538461538,3350.673308845468,0,18381
Asia,08/11/2020 - 14/11/2020,1330.3846153846155,3758.3379959947324,0,20368
Asia,15/11/2020 - 21/11/2020,1482.2692307692307,4157.388640520609,0,22441
Asia,22/11/2020 - 28/11/2020,1670.6208791208792,4522.58728867117,0,24538
Asia,29/11/2020 - 05/12/2020,2540.8516483516482,7031.274193915702,0,44506
Asia,06/12/2020 - 12/12/2020,2980.434065934066,7780.261341712912,0,32736
Asia,13/12/2020 - 19/12/2020,7352.417582417583,61261.2362025305,0,823225
Asia,20/12/2020 - 26/12/2020,2889.21978021978,7209.951256610582,0,32102
Asia,27/12/2020 - 02/01/2021,2636.2087912087914,6303.196363604289,0,29499
Asia,03/01/2021 - 09/01/2021,2510.7912087912086,5665.182815395809,0,27363
Asia,10/01/2021 - 16/01/2021,2662.065934065934,5250.369078954539,0,23955
Asia,17/01/2021 - 23/01/2021,2715.703296703297,5274.310863302571,0,24303
Asia,24/01/2021 - 30/01/2021,2380.956043956044,4754.1270896766655,0,22509
Asia,31/01/2021 - 06/02/2021,2303.120879120879,4447.722687098378,0,18999
Asia,07/02/2021 - 13/02/2021,2133.043956043956,4051.4951647361486,0,17391
Asia,14/02/2021 - 20/02/2021,1798.857142857143,3491.3033361488297,0,15701
Asia,21/02/2021 - 27/02/2021,1649.5384615384614,3232.1943653870208,0,13999
Asia,28/02/2021 - 06/03/2021,1630.9945054945056,3091.741161353813,0,12455
Asia,07/03/2021 - 13/03/2021,1629.2252747252746,3129.251905872612,0,11837
Asia,14/03/2021 - 20/03/2021,1678.8186813186812,3350.0037676374322,0,15082
Asia,21/03/2021 - 27/03/2021,1900.2472527472528,4182.233891085457,0,21061
Asia,28/03/2021 - 03/04/2021,2281.978021978022,5703.583623846539,0,30021
Asia,04/04/2021 - 10/04/2021,2848.653846153846,7936.324032936069,0,44756
Asia,11/04/2021 - 17/04/2021,3315.3516483516482,10080.819529928967,0,55941
Asia,18/04/2021 - 24/04/2021,3765.1373626373625,11585.197253431501,-53,63082
Asia,25/04/2021 - 01/05/2021,3466.6153846153848,10120.046400292409,0,61967
Asia,02/05/2021 - 08/05/2021,2822.7417582417584,7016.238260687331,0,43301
Asia,09/05/2021 - 15/05/2021,2259.8241758241757,4715.516482069803,0,28997
Asia,16/05/2021 - 22/05/2021,1862.4615384615386,3140.88647024284,0,14497
Asia,23/05/2021 - 29/05/2021,1901.532967032967,2961.47278697069,0,11937
Asia,30/05/2021 - 05/06/2021,1920.60989010989,2903.5095921911206,0,9558
Asia,06/06/2021 - 12/06/2021,1772.2527472527472,2740.6201967506754,0,9369
Asia,13/06/2021 - 19/06/2021,1808.642857142857,3093.7508460053214,0,14561
Asia,20/06/2021 - 26/06/2021,2062.285714285714,3826.067791694969,0,17679
Asia,27/06/2021 - 03/07/2021,2436.1923076923076,5019.297941414902,0,21342
Asia,04/07/2021 - 10/07/2021,2929.7087912087914,6245.703036287536,-1,27913
Asia,11/07/2021 - 17/07/2021,3642.0164835164837,7997.396655469841,0,38391
Asia,18/07/2021 - 24/07/2021,4646.208791208791,10594.533486731221,0,56757
Asia,25/07/2021 - 31/07/2021,4895.978021978022,9372.757634123618,0,49509
Asia,01/08/2021 - 07/08/2021,5802.565934065934,9743.701497728885,0,47791
Asia,08/08/2021 - 14/08/2021,6191.346153846154,9492.207019180796,0,39532
Asia,15/08/2021 - 21/08/2021,6377.280219780219,9065.475412018111,0,32081
Asia,22/08/2021 - 28/08/2021,6318.879120879121,8547.120122833612,0,25992
Asia,29/08/2021 - 04/09/2021,6161.038461538462,8219.977291149948,0,25038
Asia,05/09/2021 - 11/09/2021,5745.10989010989,7775.612752604462,-1,23946
Asia,12/09/2021 - 18/09/2021,5452.17032967033,7735.963710413754,0,27887
Asia,19/09/2021 - 25/09/2021,5175.917582417583,7678.21554565548,0,28224
Asia,26/09/2021 - 02/10/2021,4871.406593406594,7473.444089039569,0,29338
Asia,03/10/2021 - 09/10/2021,4480.318681318681,7427.347469202438,0,29386
Asia,10/10/2021 - 16/10/2021,4227.763736263736,7599.705787719228,-23,30438
Asia,17/10/2021 - 23/10/2021,4188.489010989011,8064.650006784099,0,33860
Asia,24/10/2021 - 30/10/2021,4057.8571428571427,8371.294731535949,0,36728
Asia,31/10/2021 - 06/11/2021,4136.7967032967035,8711.196681999278,0,39931
Asia,07/11/2021 - 13/11/2021,4109.785714285715,9005.865070722522,0,40210
Asia,14/11/2021 - 20/11/2021,3920.5934065934066,8580.303207791427,0,39584
Asia,21/11/2021 - 27/11/2021,3762.0494505494507,8082.340979241313,0,37210
Asia,28/11/2021 - 04/12/2021,3894.1923076923076,8349.286625916517,-1149,39132
Asia,05/12/2021 - 11/12/2021,3627.120879120879,7611.382722385825,0,33170
Asia,12/12/2021 - 18/12/2021,3455.8296703296705,7152.331903366227,-18,31569
Asia,19/12/2021 - 25/12/2021,3365.769230769231,7087.282169007834,0,34062
Asia,26/12/2021 - 01/01/2022,3107.065934065934,6451.880915182409,-11,26744
Asia,02/01/2022 - 08/01/2022,3816.4505494505493,7994.817640872167,0,40786
Asia,09/01/2022 - 15/01/2022,6290.626373626374,12677.057670674178,0,68413
Asia,16/01/2022 - 22/01/2022,9217.84065934066,16716.931078284906,0,80523
Asia,23/01/2022 - 29/01/2022,12053.725274725275,25402.565109770963,0,243295
Asia,30/01/2022 - 05/02/2022,17168.9010989011,31116.621851314096,0,212234
Asia,06/02/2022 - 12/02/2022,20642.582417582416,37840.53027514572,0,178616
Asia,13/02/2022 - 19/02/2022,23339.994505494506,42048.290311450146,0,202211
Asia,20/02/2022 - 26/02/2022,24730.03846153846,41488.812231755044,0,178785
Asia,27/02/2022 - 05/03/2022,25974.076923076922,41983.79049378574,0,171448
Asia,06/03/2022 - 12/03/2022,29397.60989010989,53853.464080976315,0,266838
Asia,13/03/2022 - 19/03/2022,31892.335164835164,76583.82372423082,-343,454212
Asia,20/03/2022 - 26/03/2022,33270.46703296703,91874.31604373679,0,621317
Asia,27/03/2022 - 02/04/2022,25820.071428571428,73088.1048138626,0,490707
Asia,03/04/2022 - 09/04/2022,21524.423076923078,61573.77983620346,0,424528
Asia,10/04/2022 - 16/04/2022,15033.675824175823,42178.83733546572,0,286243
Asia,17/04/2022 - 23/04/2022,10696.73076923077,29281.963758548507,0,210676
Asia,24/04/2022 - 30/04/2022,7548.582417582417,18408.695593059307,-589,118445
Asia,01/05/2022 - 07/05/2022,5651.5329670329675,14184.315608372257,0,107990
Asia,08/05/2022 - 14/05/2022,4414.32967032967,10389.221118482757,0,51020
Asia,15/05/2022 - 21/05/2022,6565.263736263736,18253.379699370627,0,128954
Asia,22/05/2022 - 28/05/2022,6130.247252747253,16870.0831009677,-9342,89420
Asia,29/05/2022 - 04/06/2022,5715.423076923077,16585.109217585625,0,94796
Asia,05/06/2022 - 11/06/2022,4727.928571428572,14502.087775029113,0,88248
Asia,12/06/2022 - 18/06/2022,4352.1648351648355,13740.508188036456,-2,82990
Asia,19/06/2022 - 25/06/2022,4015.5164835164837,11334.371520021321,0,68931
Asia,26/06/2022 - 02/07/2022,3815.7252747252746,9196.09007002665,0,56366
Asia,03/07/2022 - 09/07/2022,4252.192307692308,8419.359661307968,0,44417
Asia,10/07/2022 - 16/07/2022,5466.747252747253,11305.892375211006,0,57113
Asia,17/07/2022 - 23/07/2022,8289.082417582418,20760.497003780965,0,117095
Asia,24/07/2022 - 30/07/2022,12335.214285714286,36306.27972671824,0,226532
Asia,31/07/2022 - 06/08/2022,15767.263736263736,48940.920687746715,0,365424
Asia,07/08/2022 - 13/08/2022,20450.604395604394,61877.45654486307,0,406322
Asia,14/08/2022 - 20/08/2022,15470.434065934065,44475.5098546677,0,250288
Asia,21/08/2022 - 27/08/2022,18632.434065934067,52351.25057510467,0,260999
Asia,28/08/2022 - 03/09/2022,15065.45054945055,42376.58292218149,-464,243490
Asia,04/09/2022 - 10/09/2022,12964.615384615385,31523.197344552944,0,169508
Asia,11/09/2022 - 17/09/2022,10510.697802197803,24575.54122202979,0,129782
Asia,18/09/2022 - 24/09/2022,9742.774725274725,23029.50401652874,0,165336
Asia,25/09/2022 - 01/10/2022,7646.549450549451,16340.156953852875,0,77373
Asia,02/10/2022 - 08/10/2022,6312.571428571428,13473.296488549133,-108,49979
Asia,09/10/2022 - 15/10/2022,5427.5989010989015,11643.302503189216,0,54874
Asia,16/10/2022 - 22/10/2022,5304.741758241758,11385.145057603193,0,53374
Asia,23/10/2022 - 29/10/2022,4946.565934065934,10629.406036510174,0,44854
Asia,30/10/2022 - 05/11/2022,5283.697802197802,11826.942921779188,0,50294
Asia,06/11/2022 - 12/11/2022,5973.549450549451,14711.932010291568,0,74170
Asia,13/11/2022 - 19/11/2022,6588.104395604396,17227.41452385954,0,87410
Asia,20/11/2022 - 26/11/2022,7105.274725274725,19319.668709950245,0,107702
Asia,27/11/2022 - 03/12/2022,7802.483516483517,22467.934450994868,0,133361
Asia,04/12/2022 - 10/12/2022,7904.373626373626,23316.084973456975,0,138396
Asia,11/12/2022 - 17/12/2022,8790.016483516483,26419.118831415555,0,149383
Asia,18/12/2022 - 24/12/2022,10088.901098901099,31980.57791314399,-1,190607
Asia,25/12/2022 - 31/12/2022,10961.170329670329,34785.12840659993,0,206943
Asia,01/01/2023 - 07/01/2023,11209.335164835165,33738.76854431773,0,216219
Asia,08/01/2023 - 14/01/2023,10754.027472527472,36557.486052062646,0,245542
Asia,15/01/2023 - 21/01/2023,8226.170329670329,28178.417914695765,0,198873
Asia,22/01/2023 - 28/01/2023,5678.791208791209,18796.461374692553,0,126799
Asia,29/01/2023 - 04/02/2023,4331.10989010989,13167.481692848633,0,93801
Asia,05/02/2023 - 11/02/2023,3554.923076923077,9671.820715348855,-13,55537
Asia,12/02/2023 - 18/02/2023,2908.4615384615386,7657.834622184165,0,44755
Asia,19/02/2023 - 25/02/2023,2451.076923076923,5933.193047584622,-17,32070
Asia,26/02/2023 - 04/03/2023,1710.4835164835165,4399.54393885236,0,19410
Asia,05/03/2023 - 11/03/2023,1386.3186813186812,3688.247774179153,0,14792
Asia,12/03/2023 - 18/03/2023,1387.673076923077,3557.554823086794,0,12798
Europe,26/01/2020 - 01/02/2020,0.022058823529411766,0.19117228083225268,0,2
Europe,02/02/2020 - 08/02/2020,0.08403361344537816,0.3914666123311288,0,3
Europe,09/02/2020 - 15/02/2020,0.10084033613445378,0.6009129198719936,0,6
Europe,16/02/2020 - 22/02/2020,0.03361344537815126,0.20263134446424452,0,2
Europe,23/02/2020 - 29/02/2020,0.6848739495798319,6.695097250916832,0,93
Europe,01/03/2020 - 07/03/2020,8.516806722689076,45.84699525297376,-1,566
Europe,08/03/2020 - 14/03/2020,42.00420168067227,155.23376948661155,0,1492
Europe,15/03/2020 - 21/03/2020,182.2016806722689,512.0864095041491,0,3590
Europe,22/03/2020 - 28/03/2020,469.21008403361344,1065.1351521695897,0,6557
Europe,29/03/2020 - 04/04/2020,901.8529411764706,1780.4798787224802,0,9630
Europe,05/04/2020 - 11/04/2020,900.7310924369748,2205.7893013956577,-17105,8195
Europe,12/04/2020 - 18/04/2020,1001.6428571428571,3553.564543488382,-3534,50740
Europe,19/04/2020 - 25/04/2020,830.4117647058823,1873.9504085038898,0,17436
Europe,26/04/2020 - 02/05/2020,527.3319327731092,1284.7718226172246,-10034,5490
Europe,03/05/2020 - 09/05/2020,409.79831932773106,892.292766469733,-1457,5435
Europe,10/05/2020 - 16/05/2020,323.7268907563025,655.1386983884838,0,4129
Europe,17/05/2020 - 23/05/2020,255.1596638655462,545.8340497284174,0,3583
Europe,24/05/2020 - 30/05/2020,209.73949579831933,437.33615303811223,-559,3041
Europe,31/05/2020 - 06/06/2020,185.0924369747899,390.86606189228524,-372,3282
Europe,07/06/2020 - 13/06/2020,155.8781512605042,444.6349446853974,-3250,4271
Europe,14/06/2020 - 20/06/2020,163.31512605042016,275.823640878159,0,1437
Europe,21/06/2020 - 27/06/2020,167.67226890756302,285.39436359543873,-148,1496
Europe,28/06/2020 - 04/07/2020,174.6386554621849,289.5303990975043,-410,1698
Europe,05/07/2020 - 11/07/2020,149.7689075630252,207.04098016576293,0,923
Europe,12/07/2020 - 18/07/2020,162.84873949579833,222.27776133490826,0,1244
Europe,19/07/2020 - 25/07/2020,194.81512605042016,294.98533086281697,0,2045
Europe,26/07/2020 - 01/08/2020,255.07142857142858,469.5467595814006,0,4581
Europe,02/08/2020 - 08/08/2020,312.15966386554624,605.1719493862362,0,6361
Europe,09/08/2020 - 15/08/2020,399.42857142857144,872.6243852089174,0,8532
Europe,16/08/2020 - 22/08/2020,490.0504201680672,1025.6408954367157,-42,8618
Europe,23/08/2020 - 29/08/2020,591.3781512605042,1503.7438005124714,0,16269
Europe,30/08/2020 - 05/09/2020,698.2731092436975,1934.8604887047095,-1348,19382
Europe,06/09/2020 - 12/09/2020,830.2058823529412,2209.2142052528525,0,23572
Europe,13/09/2020 - 19/09/2020,1016.6344537815127,2529.315193253859,0,26560
Europe,20/09/2020 - 26/09/2020,1254.5546218487395,2889.3167229806872,0,27404
Europe,27/09/2020 - 03/10/2020,1484.1470588235295,3294.6363275823132,0,31428
Europe,04/10/2020 - 10/10/2020,1730.1596638655462,3729.525006765293,0,31785
Europe,11/10/2020 - 17/10/2020,2493.075630252101,4360.699738994327,0,26677
Europe,18/10/2020 - 24/10/2020,3518.752100840336,5716.200114447822,0,32100
Europe,25/10/2020 - 31/10/2020,5026.004201680672,7799.434055795304,0,45240
Europe,01/11/2020 - 07/11/2020,6909.810924369748,10712.057961278368,0,72017
Europe,08/11/2020 - 14/11/2020,7623.348739495798,14176.487383703869,-47301,104314
Europe,15/11/2020 - 21/11/2020,6847.83193277311,9863.896435132854,0,52386
Europe,22/11/2020 - 28/11/2020,6272.68487394958,8604.682299429549,0,45210
Europe,29/11/2020 - 05/12/2020,5249.9747899159665,6640.398184596668,0,32733
Europe,06/12/2020 - 12/12/2020,4789.836134453782,5724.583219811321,0,24110
Europe,13/12/2020 - 19/12/2020,4922.22268907563,5900.402322404303,0,29875
Europe,20/12/2020 - 26/12/2020,5389.117647058823,7140.02113563569,0,35928
Europe,27/12/2020 - 02/01/2021,4872.344537815126,7870.578245782636,0,39988
Europe,03/01/2021 - 09/01/2021,5570.40756302521,10254.30276540046,0,57724
Europe,10/01/2021 - 16/01/2021,6636.899159663865,11652.25731007379,0,68053
Europe,17/01/2021 - 23/01/2021,5790.294117647059,10386.050208942075,0,61422
Europe,24/01/2021 - 30/01/2021,5334.163865546218,10201.218896437565,0,84287
Europe,31/01/2021 - 06/02/2021,4783.8865546218485,9399.091535222844,0,93822
Europe,07/02/2021 - 13/02/2021,4153.579831932773,8115.432828871737,-458,79686
Europe,14/02/2021 - 20/02/2021,3423.516806722689,5512.628649792948,-1,47095
Europe,21/02/2021 - 27/02/2021,3444.5798319327732,5045.58669334874,0,30251
Europe,28/02/2021 - 06/03/2021,3828.752100840336,5414.652843060258,0,31230
Europe,07/03/2021 - 13/03/2021,3702.5126050420167,7621.947472397871,-74347,26079
Europe,14/03/2021 - 20/03/2021,4464.571428571428,6350.577234232854,0,29650
Europe,21/03/2021 - 27/03/2021,5115.798319327731,7506.3887726663,0,37638
Europe,28/03/2021 - 03/04/2021,5697.899159663865,9182.23014644929,-2214,64225
Europe,04/04/2021 - 10/04/2021,5516.428571428572,9846.997272892115,-1160,80629
Europe,11/04/2021 - 17/04/2021,4731.075630252101,11107.81768352625,-4860,117900
Europe,18/04/2021 - 24/04/2021,4643.970588235294,7594.8056829652,0,43348
Europe,25/04/2021 - 01/05/2021,4134.529411764706,7020.823148060811,0,44003
Europe,02/05/2021 - 08/05/2021,3352.7100840336134,5591.605158532513,0,31202
Europe,09/05/2021 - 15/05/2021,2731.5252100840335,4543.517498929089,0,24745
Europe,16/05/2021 - 22/05/2021,2163.9915966386557,3590.9787142938294,0,20030
Europe,23/05/2021 - 29/05/2021,178.390756302521,22903.394816509775,-349116,18128
Europe,30/05/2021 - 05/06/2021,1256.7899159663866,2117.4772980075154,0,13933
Europe,06/06/2021 - 12/06/2021,1025.1008403361345,1885.8784873668856,0,15393
Europe,13/06/2021 - 19/06/2021,857.3865546218487,1757.8574756780938,0,14004
Europe,20/06/2021 - 26/06/2021,688.1344537815127,1719.2930198703818,0,10809
Europe,27/06/2021 - 03/07/2021,804.6974789915967,2588.032790062922,-28,17943
Europe,04/07/2021 - 10/07/2021,1259.109243697479,4350.931978905425,-23,27556
Europe,11/07/2021 - 17/07/2021,1986.4873949579833,6094.35614867798,0,35200
Europe,18/07/2021 - 24/07/2021,3003.5882352941176,8997.85617121299,0,53969
Europe,25/07/2021 - 31/07/2021,3138.6512605042017,8770.814631000341,0,61628
Europe,01/08/2021 - 07/08/2021,2847.1008403361343,7537.3022861963955,0,61625
Europe,08/08/2021 - 14/08/2021,2810.4663865546217,7215.983574700139,0,55939
Europe,15/08/2021 - 21/08/2021,2890.4915966386557,6767.210586986418,0,39638
Europe,22/08/2021 - 28/08/2021,2953.285714285714,6632.203685346982,0,36987
Europe,29/08/2021 - 04/09/2021,3049.7563025210084,6884.487477703498,0,37962
Europe,05/09/2021 - 11/09/2021,2923.7268907563025,6732.37482668287,-1707,42065
Europe,12/09/2021 - 18/09/2021,2913.5378151260506,6528.862372443669,0,40801
Europe,19/09/2021 - 25/09/2021,2709.1974789915967,5387.399200195962,-1176,32292
Europe,26/09/2021 - 02/10/2021,2776.4747899159665,5936.247601994779,0,35764
Europe,03/10/2021 - 09/10/2021,3017.7394957983192,6158.554018821083,0,37485
Europe,10/10/2021 - 16/10/2021,3302.9201680672268,6716.010270032833,0,39730
Europe,17/10/2021 - 23/10/2021,3771.77731092437,7687.667659781266,-1096,44696
Europe,24/10/2021 - 30/10/2021,4763.72268907563,8688.159157325983,0,51484
Europe,31/10/2021 - 06/11/2021,5323.063025210084,8311.57660257569,0,43922
Europe,07/11/2021 - 13/11/2021,5861.403361344538,8373.781470464472,0,48088
Europe,14/11/2021 - 20/11/2021,6914.949579831933,10093.256109082096,0,73058
Europe,21/11/2021 - 27/11/2021,8306.504201680673,12408.808022107447,0,102186
Europe,28/11/2021 - 04/12/2021,9590.98319327731,15439.739104933355,0,137294
Europe,05/12/2021 - 11/12/2021,9903.029411764706,16371.190719718885,0,140890
Europe,12/12/2021 - 18/12/2021,9659.85294117647,16683.63555046723,-83,134401
Europe,19/12/2021 - 25/12/2021,10150.995798319327,18386.62156440723,0,108086
Europe,26/12/2021 - 01/01/2022,11559.4243697479,24662.58833830888,0,122448
Europe,02/01/2022 - 08/01/2022,20859.68487394958,45966.65988345471,0,232200
Europe,09/01/2022 - 15/01/2022,30794.470588235294,65751.1428634785,0,372766
Europe,16/01/2022 - 22/01/2022,32447.243697478993,64391.64067204881,0,359550
Europe,23/01/2022 - 29/01/2022,38451.05882352941,73612.21934077934,0,461517
Europe,30/01/2022 - 05/02/2022,42112.71848739496,70923.5630004876,0,501635
Europe,06/02/2022 - 12/02/2022,40334.899159663866,78595.2739873992,0,847371
Europe,13/02/2022 - 19/02/2022,31307.85714285714,56996.28849953408,-33955,446255
Europe,20/02/2022 - 26/02/2022,21731.5,41768.917463918006,-5532,411414
Europe,27/02/2022 - 05/03/2022,16889.071428571428,36355.1355298189,0,381004
Europe,06/03/2022 - 12/03/2022,16177.655462184874,35528.62659621509,0,346095
Europe,13/03/2022 - 19/03/2022,18808.86974789916,45310.49904799926,0,387527
Europe,20/03/2022 - 26/03/2022,21214.310924369747,51324.82884000353,0,476071
Europe,27/03/2022 - 02/04/2022,21915.378151260506,55577.20376979267,0,484345
Europe,03/04/2022 - 09/04/2022,19447.3487394958,52123.352374856695,0,430751
Europe,10/04/2022 - 16/04/2022,14990.731092436974,41408.239740927784,0,311638
Europe,17/04/2022 - 23/04/2022,11423.29831932773,33514.392928758294,-2868,236935
Europe,24/04/2022 - 30/04/2022,10524.142857142857,33254.251516086144,-784,277181
Europe,01/05/2022 - 07/05/2022,8462.525210084033,24685.807242983938,0,194342
Europe,08/05/2022 - 14/05/2022,6592.810924369748,18058.060518500813,0,113522
Europe,15/05/2022 - 21/05/2022,6099.390756302521,16333.90067472337,0,107568
Europe,22/05/2022 - 28/05/2022,4891.693277310925,13426.013339657586,-817,86252
Europe,29/05/2022 - 04/06/2022,3819.2100840336134,11209.04893143213,-29738,64437
Europe,05/06/2022 - 11/06/2022,3635.6134453781515,10037.52132574138,0,61889
Europe,12/06/2022 - 18/06/2022,4024.90756302521,12696.321835545788,-94,84655
Europe,19/06/2022 - 25/06/2022,5976.268907563025,18518.223216615006,0,164092
Europe,26/06/2022 - 02/07/2022,8260.289915966387,22441.102612391805,0,123097
Europe,03/07/2022 - 09/07/2022,10730.512605042017,29668.958725196157,0,164828
Europe,10/07/2022 - 16/07/2022,12748.85294117647,36854.30650925155,0,243248
Europe,17/07/2022 - 23/07/2022,11206.83613445378,35016.31385900881,0,251337
Europe,24/07/2022 - 30/07/2022,12564.373949579833,42379.16201990501,-770,367629
Europe,31/07/2022 - 06/08/2022,8314.491596638656,23696.89871584199,-1635,145472
Europe,07/08/2022 - 13/08/2022,6493.0210084033615,17423.05153080614,-3528,125193
Europe,14/08/2022 - 20/08/2022,5003.873949579832,13318.840007304034,0,103059
Europe,21/08/2022 - 27/08/2022,4173.046218487395,11193.096847236253,0,77062
Europe,28/08/2022 - 03/09/2022,3745.155462184874,9537.531398546542,0,60411
Europe,04/09/2022 - 10/09/2022,3313.659663865546,8478.083541561205,0,54504
Europe,11/09/2022 - 17/09/2022,3122.390756302521,8016.1684005245415,0,49709
Europe,18/09/2022 - 24/09/2022,3762.7268907563025,9285.701690162308,-12934,54930
Europe,25/09/2022 - 01/10/2022,4315.319327731092,11082.179745250402,0,61475
Europe,02/10/2022 - 08/10/2022,5893.705882352941,16241.521028598661,0,96367
Europe,09/10/2022 - 15/10/2022,6951.172268907563,21730.252800556766,0,174112
Europe,16/10/2022 - 22/10/2022,7598.256302521008,24306.437410535087,0,172536
Europe,23/10/2022 - 29/10/2022,6951.5252100840335,21862.00889520359,0,150052
Europe,30/10/2022 - 05/11/2022,5008.084033613445,15845.766609285474,-6885,115534
Europe,06/11/2022 - 12/11/2022,3254.4873949579833,12300.360917393957,0,110988
Europe,13/11/2022 - 19/11/2022,3304.5588235294117,14781.202145700216,0,181181
Europe,20/11/2022 - 26/11/2022,3523.5042016806724,16191.72140681824,0,208346
Europe,27/11/2022 - 03/12/2022,3793.281512605042,17862.708654905524,0,229122
Europe,04/12/2022 - 10/12/2022,4349.5672268907565,19295.130552326573,-5,227420
Europe,11/12/2022 - 17/12/2022,4559.126050420168,19778.717516991725,0,221324
Europe,18/12/2022 - 24/12/2022,4447.075630252101,17920.54248310499,-8639,174630
Europe,25/12/2022 - 31/12/2022,4009.5210084033615,15030.662531668619,0,137572
Europe,01/01/2023 - 07/01/2023,2522.31512605042,11611.70905539733,0,122099
Europe,08/01/2023 - 14/01/2023,2400.878151260504,11277.105304108081,0,135977
Europe,15/01/2023 - 21/01/2023,1444.0126050420167,6720.972290321291,0,84060
Europe,22/01/2023 - 28/01/2023,970.7226890756302,4138.913687610732,0,51888
Europe,29/01/2023 - 04/02/2023,951.5,3535.254572503239,0,38159
Europe,05/02/2023 - 11/02/2023,990.9453781512605,3652.6835729260333,-781,34377
Europe,12/02/2023 - 18/02/2023,1016.5252100840336,3627.734982428746,-17,30901
Europe,19/02/2023 - 25/02/2023,1125.2521008403362,3816.256745554647,0,28347
Europe,26/02/2023 - 04/03/2023,1254.5084033613446,4284.364128943823,0,29438
Europe,05/03/2023 - 11/03/2023,1242.063025210084,4162.094150995319,0,32970
Europe,12/03/2023 - 18/03/2023,1316.4926470588234,3671.461025151267,0,28779
Oceania,26/01/2020 - 01/02/2020,0.1,0.4961389383568338,0,3
Oceania,02/02/2020 - 08/02/2020,0.11428571428571428,0.43548597351268853,-1,2
Oceania,09/02/2020 - 15/02/2020,0.04285714285714286,0.203997320649802,0,1
Oceania,16/02/2020 - 22/02/2020,0.0,0.0,0,0
Oceania,23/02/2020 - 29/02/2020,0.0,0.0,0,0
Oceania,01/03/2020 - 07/03/2020,0.18571428571428572,0.6872093776851914,0,4
Oceania,08/03/2020 - 14/03/2020,0.7571428571428571,1.891519704071377,-1,10
Oceania,15/03/2020 - 21/03/2020,3.2,5.829957615377786,0,27
Oceania,22/03/2020 - 28/03/2020,19.285714285714285,35.75769618472258,0,233
Oceania,29/03/2020 - 04/04/2020,40.82857142857143,53.598337479238126,0,212
Oceania,05/04/2020 - 11/04/2020,31.87142857142857,43.55204164287755,-1,241
Oceania,12/04/2020 - 18/04/2020,13.128571428571428,17.166635510233238,0,67
Oceania,19/04/2020 - 25/04/2020,5.6571428571428575,6.833179314529473,-1,29
Oceania,26/04/2020 - 02/05/2020,2.0285714285714285,2.863925696203507,-1,12
Oceania,03/05/2020 - 09/05/2020,1.8,3.7323497669174435,-2,22
Oceania,10/05/2020 - 16/05/2020,1.9428571428571428,4.310034514424212,-1,19
Oceania,17/05/2020 - 23/05/2020,1.542857142857143,3.549589542654904,-1,19
Oceania,24/05/2020 - 30/05/2020,0.9285714285714286,2.498239545791666,-5,12
Oceania,31/05/2020 - 06/06/2020,1.2714285714285714,2.6370901210270037,-3,11
Oceania,07/06/2020 - 13/06/2020,0.9142857142857143,2.034078199107108,-1,10
Oceania,14/06/2020 - 20/06/2020,1.0142857142857142,2.92164762500896,-2,17
Oceania,21/06/2020 - 27/06/2020,2.1142857142857143,6.410007703409099,0,44
Oceania,28/06/2020 - 04/07/2020,4.357142857142857,13.840746099397665,-1,81
Oceania,05/07/2020 - 11/07/2020,11.785714285714286,36.18627045955768,0,194
Oceania,12/07/2020 - 18/07/2020,20.1,58.85333034547513,0,299
Oceania,19/07/2020 - 25/07/2020,30.0,87.7856414260311,0,415
Oceania,26/07/2020 - 01/08/2020,40.97142857142857,120.70937326915029,0,515
Oceania,02/08/2020 - 08/08/2020,48.48571428571429,147.78056027725438,-25,694
Oceania,09/08/2020 - 15/08/2020,44.02857142857143,135.368843570165,-28,700
Oceania,16/08/2020 - 22/08/2020,31.757142857142856,90.80101444148343,0,395
Oceania,23/08/2020 - 29/08/2020,20.12857142857143,57.336262504017526,0,237
Oceania,30/08/2020 - 05/09/2020,12.657142857142857,32.95270467414799,0,144
Oceania,06/09/2020 - 12/09/2020,8.8,22.232369663838472,-1,112
Oceania,13/09/2020 - 19/09/2020,5.614285714285714,13.456632282296798,0,73
Oceania,20/09/2020 - 26/09/2020,3.3857142857142857,8.64315571922371,-1,42
Oceania,27/09/2020 - 03/10/2020,2.157142857142857,4.980063774359458,0,25
Oceania,04/10/2020 - 10/10/2020,1.8,3.4957531170081872,0,14
Oceania,11/10/2020 - 17/10/2020,2.1857142857142855,3.8945999669659934,0,14
Oceania,18/10/2020 - 24/10/2020,1.8428571428571427,3.1651898048987834,0,15
Oceania,25/10/2020 - 31/10/2020,2.5714285714285716,4.774847834502175,-1,25
Oceania,01/11/2020 - 07/11/2020,1.4285714285714286,2.4410227636188027,-1,12
Oceania,08/11/2020 - 14/11/2020,1.2571428571428571,2.096827930613386,0,9
Oceania,15/11/2020 - 21/11/2020,1.4285714285714286,3.7088668865005845,0,22
Oceania,22/11/2020 - 28/11/2020,1.6571428571428573,2.5130714176701305,0,11
Oceania,29/11/2020 - 05/12/2020,1.3428571428571427,2.40702904425264,-1,9
Oceania,06/12/2020 - 12/12/2020,1.3714285714285714,2.3041954713492374,0,9
Oceania,13/12/2020 - 19/12/2020,1.1857142857142857,1.9729537713415721,-1,9
Oceania,20/12/2020 - 26/12/2020,2.6714285714285713,6.477880823123573,-1,36
Oceania,27/12/2020 - 02/01/2021,2.3285714285714287,4.793478143500325,-1,18
Oceania,03/01/2021 - 09/01/2021,2.942857142857143,5.20280223905506,0,25
Oceania,10/01/2021 - 16/01/2021,2.157142857142857,4.441685651706053,-2,31
Oceania,17/01/2021 - 23/01/2021,2.157142857142857,3.697377504945725,0,18
Oceania,24/01/2021 - 30/01/2021,1.1714285714285715,1.9632229385421867,-1,9
Oceania,31/01/2021 - 06/02/2021,0.8571428571428571,1.5159606347008925,-2,6
Oceania,07/02/2021 - 13/02/2021,0.8142857142857143,1.3437224646897148,-2,5
Oceania,14/02/2021 - 20/02/2021,0.8857142857142857,1.2802044350201003,0,6
Oceania,21/02/2021 - 27/02/2021,0.7714285714285715,1.4056967798401627,0,7
Oceania,28/02/2021 - 06/03/2021,1.0285714285714285,1.7192130705007274,0,7
Oceania,07/03/2021 - 13/03/2021,1.4857142857142858,2.586155207593692,-1,12
Oceania,14/03/2021 - 20/03/2021,1.9285714285714286,2.3671754621778804,0,8
Oceania,21/03/2021 - 27/03/2021,1.8714285714285714,2.9386057453677026,0,11
Oceania,28/03/2021 - 03/04/2021,1.5142857142857142,2.4538810262719153,0,11
Oceania,04/04/2021 - 10/04/2021,1.3571428571428572,2.2970410347941,0,10
Oceania,11/04/2021 - 17/04/2021,1.9714285714285715,4.114208073801587,-1,24
Oceania,18/04/2021 - 24/04/2021,1.8571428571428572,2.5610556829518805,0,9
Oceania,25/04/2021 - 01/05/2021,2.1714285714285713,3.3011698785866477,0,16
Oceania,02/05/2021 - 08/05/2021,2.557142857142857,3.80935429229464,-1,16
Oceania,09/05/2021 - 15/05/2021,1.6428571428571428,2.5196946806396787,0,10
Oceania,16/05/2021 - 22/05/2021,0.7714285714285715,1.3315723360480136,-1,5
Oceania,23/05/2021 - 29/05/2021,0.8428571428571429,1.5288123105029412,0,8
Oceania,30/05/2021 - 05/06/2021,1.3428571428571427,2.32120479889787,0,12
Oceania,06/06/2021 - 12/06/2021,1.3571428571428572,2.6813132964629145,-1,11
Oceania,13/06/2021 - 19/06/2021,1.4,2.2547855709611264,-1,10
Oceania,20/06/2021 - 26/06/2021,1.5,2.1383320060542386,0,9
Oceania,27/06/2021 - 03/07/2021,2.7285714285714286,6.222729324697259,-3,31
Oceania,04/07/2021 - 10/07/2021,4.228571428571429,8.902322492231654,-2,40
Oceania,11/07/2021 - 17/07/2021,6.1,19.06141865547841,0,116
Oceania,18/07/2021 - 24/07/2021,12.057142857142857,29.423881513366478,0,117
Oceania,25/07/2021 - 31/07/2021,15.914285714285715,39.1210469530123,-1,159
Oceania,01/08/2021 - 07/08/2021,22.1,61.23656906868924,-1,238
Oceania,08/08/2021 - 14/08/2021,29.014285714285716,79.51856821844434,-2,308
Oceania,15/08/2021 - 21/08/2021,43.15714285714286,119.98908594260404,-1,475
Oceania,22/08/2021 - 28/08/2021,77.62857142857143,210.04886742868794,0,822
Oceania,29/08/2021 - 04/09/2021,116.52857142857142,305.48169239617937,-1,1272
Oceania,05/09/2021 - 11/09/2021,154.52857142857144,396.21757752156844,0,1516
Oceania,12/09/2021 - 18/09/2021,184.14285714285714,416.55645913116314,0,1603
Oceania,19/09/2021 - 25/09/2021,210.97142857142856,387.272363111304,0,1334
Oceania,26/09/2021 - 02/10/2021,209.55714285714285,363.16936743204786,0,1078
Oceania,03/10/2021 - 09/10/2021,233.85714285714286,416.1957902451747,0,1476
Oceania,10/10/2021 - 16/10/2021,251.6,521.0038916097112,0,1908
Oceania,17/10/2021 - 23/10/2021,241.47142857142856,559.46650885836,0,2293
Oceania,24/10/2021 - 30/10/2021,230.94285714285715,546.0660597536775,0,2189
Oceania,31/10/2021 - 06/11/2021,187.5857142857143,434.6651715828674,0,1757
Oceania,07/11/2021 - 13/11/2021,156.28571428571428,337.0816846282237,-1,1330
Oceania,14/11/2021 - 20/11/2021,150.14285714285714,316.2362575676832,-3,1289
Oceania,21/11/2021 - 27/11/2021,152.2,320.3740386449582,-5,1264
Oceania,28/11/2021 - 04/12/2021,157.02857142857144,338.6247536869149,-2,1355
Oceania,05/12/2021 - 11/12/2021,158.5,347.1786805549616,-2,1409
Oceania,12/12/2021 - 18/12/2021,177.85714285714286,369.0971077484084,-1,1296
Oceania,19/12/2021 - 25/12/2021,350.35714285714283,702.2981124254544,-15,2558
Oceania,26/12/2021 - 01/01/2022,804.5714285714286,1644.1329204299172,-4,6379
Oceania,02/01/2022 - 08/01/2022,2608.8142857142857,5251.408877329437,-3,22547
Oceania,09/01/2022 - 15/01/2022,7906.357142857143,13257.4693259525,-137,51089
Oceania,16/01/2022 - 22/01/2022,10593.285714285714,18318.671509124597,-25,92264
Oceania,23/01/2022 - 29/01/2022,6360.771428571428,9701.153057376741,-173,32297
Oceania,30/01/2022 - 05/02/2022,5462.528571428571,8708.192530677405,-129,50258
Oceania,06/02/2022 - 12/02/2022,2199.6285714285714,7995.224248736095,-53304,14553
Oceania,13/02/2022 - 19/02/2022,2498.9142857142856,4006.390307607886,-15121,10213
Oceania,20/02/2022 - 26/02/2022,2212.285714285714,4473.817586943196,-24692,14385
Oceania,27/02/2022 - 05/03/2022,3181.214285714286,3473.2229316769017,-154,15016
Oceania,06/03/2022 - 12/03/2022,4751.785714285715,6794.137137721742,-42,32674
Oceania,13/03/2022 - 19/03/2022,5407.442857142857,7246.123192630273,0,39773
Oceania,20/03/2022 - 26/03/2022,6301.857142857143,7673.55125218277,0,39135
Oceania,27/03/2022 - 02/04/2022,7087.371428571429,7176.807204958404,-19,24762
Oceania,03/04/2022 - 09/04/2022,6908.771428571428,6704.9100268935035,-13,25453
Oceania,10/04/2022 - 16/04/2022,6614.828571428571,6514.938403773972,-191,24116
Oceania,17/04/2022 - 23/04/2022,5212.314285714286,4781.8081097367,-39,18231
Oceania,24/04/2022 - 30/04/2022,5161.328571428571,4781.617738258049,-42,19598
Oceania,01/05/2022 - 07/05/2022,4664.242857142857,4206.186700962528,0,15530
Oceania,08/05/2022 - 14/05/2022,4968.471428571429,4471.679409969889,-3023,18091
Oceania,15/05/2022 - 21/05/2022,5765.557142857143,5232.373054985896,0,16990
Oceania,22/05/2022 - 28/05/2022,5745.7,5453.885622834101,-6,21002
Oceania,29/05/2022 - 04/06/2022,4409.428571428572,4040.629257822578,0,12876
Oceania,05/06/2022 - 11/06/2022,3551.4714285714285,3300.8236070228118,0,9644
Oceania,12/06/2022 - 18/06/2022,3326.042857142857,2946.613764865709,0,10378
Oceania,19/06/2022 - 25/06/2022,3230.3142857142857,2709.3316815522103,0,9087
Oceania,26/06/2022 - 02/07/2022,3396.285714285714,3053.065644598515,0,9455
Oceania,03/07/2022 - 09/07/2022,3999.2571428571428,3870.392504103143,0,20509
Oceania,10/07/2022 - 16/07/2022,4813.371428571429,4885.43613875348,-45,28538
Oceania,17/07/2022 - 23/07/2022,5226.871428571429,4300.436452138549,0,14115
Oceania,24/07/2022 - 30/07/2022,5547.328571428571,5009.793040711965,0,18657
Oceania,31/07/2022 - 06/08/2022,5035.771428571428,6071.3347174526425,-16,34614
Oceania,07/08/2022 - 13/08/2022,3714.4714285714285,4003.156166860505,-337,16637
Oceania,14/08/2022 - 20/08/2022,2665.0714285714284,2964.2610307785203,0,11324
Oceania,21/08/2022 - 27/08/2022,1989.357142857143,2164.73998864217,0,8126
Oceania,28/08/2022 - 03/09/2022,1457.3857142857144,1813.1136425917655,-3079,6668
Oceania,04/09/2022 - 10/09/2022,1153.3857142857144,1312.5504135837057,0,5418
Oceania,11/09/2022 - 17/09/2022,818.7571428571429,1120.3071193270648,-106,4050
Oceania,18/09/2022 - 24/09/2022,607.4142857142857,2277.414911901734,-74,17392
Oceania,25/09/2022 - 01/10/2022,745.7714285714286,2398.2628929122147,0,14155
Oceania,02/10/2022 - 08/10/2022,818.4,2414.4175184965807,-226,12574
Oceania,09/10/2022 - 15/10/2022,671.4857142857143,2132.923840292619,-17,11177
Oceania,16/10/2022 - 22/10/2022,675.7857142857143,2405.4775951279457,-1158,14288
Oceania,23/10/2022 - 29/10/2022,475.04285714285714,1521.758626385021,-880,8821
Oceania,30/10/2022 - 05/11/2022,1012.4142857142857,3376.1651665279974,0,20456
Oceania,06/11/2022 - 12/11/2022,912.4714285714285,3039.419007798849,0,20770
Oceania,13/11/2022 - 19/11/2022,1212.5,3720.0664975745813,0,21570
Oceania,20/11/2022 - 26/11/2022,1436.2428571428572,4682.067063129692,-151,27864
Oceania,27/11/2022 - 03/12/2022,1670.7714285714285,5285.100627485735,0,31506
Oceania,04/12/2022 - 10/12/2022,2001.5428571428572,6465.258555834315,-2678,37781
Oceania,11/12/2022 - 17/12/2022,2131.6857142857143,7063.1553620112945,-624,40179
Oceania,18/12/2022 - 24/12/2022,2238.4285714285716,7403.8985276587555,0,42699
Oceania,25/12/2022 - 31/12/2022,1488.6285714285714,5163.514647235478,0,38331
Oceania,01/01/2023 - 07/01/2023,1234.0857142857142,5104.872675789755,0,31970
Oceania,08/01/2023 - 14/01/2023,1723.7285714285715,5175.445370239286,0,22740
Oceania,15/01/2023 - 21/01/2023,825.9428571428572,3036.7061812875445,-105,19179
Oceania,22/01/2023 - 28/01/2023,384.4428571428571,1447.870266384932,-266,9054
Oceania,29/01/2023 - 04/02/2023,652.0142857142857,2336.145447209484,0,13855
Oceania,05/02/2023 - 11/02/2023,249.75714285714287,1017.1894132778181,-213,6563
Oceania,12/02/2023 - 18/02/2023,495.3857142857143,1703.7876755250998,0,8860
Oceania,19/02/2023 - 25/02/2023,365.1857142857143,1350.884061501596,0,8196
Oceania,26/02/2023 - 04/03/2023,396.2857142857143,1449.6391569284428,0,9077
Oceania,05/03/2023 - 11/03/2023,437.3142857142857,1702.7511033861688,0,11439
Oceania,12/03/2023 - 18/03/2023,348.4,1351.9394767214799,0,7863
