Continent,WeekRange,Mean,Std,Min,Max
Africa,19/01/2020 - 25/01/2020,0.0,0.0,0,0
Africa,26/01/2020 - 01/02/2020,0.0,0.0,0,0
Africa,02/02/2020 - 08/02/2020,0.0,0.0,0,0
Africa,09/02/2020 - 15/02/2020,0.02040816326530612,0.14285714285714285,0,1
Africa,16/02/2020 - 22/02/2020,0.0,0.0,0,0
Africa,23/02/2020 - 29/02/2020,0.0,0.0,0,0
Africa,01/03/2020 - 07/03/2020,0.3673469387755102,1.7283648046518372,0,12
Africa,08/03/2020 - 14/03/2020,3.36734693877551,6.827316083056298,0,34
Africa,15/03/2020 - 21/03/2020,10.653061224489797,16.276966113202427,0,60
Africa,22/03/2020 - 28/03/2020,36.61224489795919,54.3644400958823,0,243
Africa,29/03/2020 - 04/04/2020,36.91836734693877,35.37586084623588,0,128
Africa,05/04/2020 - 11/04/2020,44.326530612244895,47.41500630738386,0,149
Africa,12/04/2020 - 18/04/2020,72.44897959183673,79.92419878247395,0,281
Africa,19/04/2020 - 25/04/2020,81.85714285714286,93.95521983015809,0,318
Africa,26/04/2020 - 02/05/2020,99.10204081632654,124.00508136395716,0,385
Africa,03/05/2020 - 09/05/2020,150.0204081632653,188.5410531992876,0,663
Africa,10/05/2020 - 16/05/2020,179.6734693877551,256.83006604198283,0,831
Africa,17/05/2020 - 23/05/2020,265.6734693877551,386.3205376667531,0,1218
Africa,24/05/2020 - 30/05/2020,373.1020408163265,558.6329387031179,0,1837
Africa,31/05/2020 - 06/06/2020,535.9183673469388,832.1283163454693,0,3267
Africa,07/06/2020 - 13/06/2020,672.0408163265306,1039.1813877435704,0,3809
Africa,14/06/2020 - 20/06/2020,844.530612244898,1363.8836873373896,2,4966
Africa,21/06/2020 - 27/06/2020,1101.0408163265306,1953.3077176845397,0,7210
Africa,28/06/2020 - 04/07/2020,1439.9183673469388,2822.239254539548,0,10853
Africa,05/07/2020 - 11/07/2020,1820.6938775510205,3836.468212019582,0,13674
Africa,12/07/2020 - 18/07/2020,2029.7142857142858,4296.945766083937,4,13373
Africa,19/07/2020 - 25/07/2020,2024.6326530612246,4159.355372199506,5,13944
Africa,26/07/2020 - 01/08/2020,1794.2244897959183,3409.964303731212,3,11362
Africa,02/08/2020 - 08/08/2020,1393.530612244898,2455.111955203883,4,8559
Africa,09/08/2020 - 15/08/2020,1102.061224489796,1522.0784091739392,19,6671
Africa,16/08/2020 - 22/08/2020,1018.5714285714286,1128.9691647693483,64,3916
Africa,23/08/2020 - 29/08/2020,850.2448979591836,805.4748995316427,0,2728
Africa,30/08/2020 - 05/09/2020,816.9387755102041,719.9304193277774,113,2505
Africa,06/09/2020 - 12/09/2020,841.4897959183673,739.9349386502669,0,2430
Africa,13/09/2020 - 19/09/2020,823.0816326530612,794.4715181787695,0,2760
Africa,20/09/2020 - 26/09/2020,848.7755102040817,756.9476056644133,0,2719
Africa,27/09/2020 - 03/10/2020,904.6530612244898,782.1928990297196,0,2663
Africa,04/10/2020 - 10/10/2020,1103.3061224489795,1067.0296036990107,0,4360
Africa,11/10/2020 - 17/10/2020,1157.142857142857,1228.4679822174176,0,5752
Africa,18/10/2020 - 24/10/2020,1236.1020408163265,1082.2740188467744,0,4151
Africa,25/10/2020 - 31/10/2020,1315.0,1237.2463713154843,0,4320
Africa,01/11/2020 - 07/11/2020,1433.5714285714287,1551.6323528250282,0,5836
Africa,08/11/2020 - 14/11/2020,1569.3061224489795,1630.3019812814032,0,6195
Africa,15/11/2020 - 21/11/2020,1501.6530612244899,1537.9700304706364,0,5415
Africa,22/11/2020 - 28/11/2020,1484.0,1381.963533648169,0,4979
Africa,29/11/2020 - 05/12/2020,1564.2244897959183,1545.0008261231087,0,4932
Africa,06/12/2020 - 12/12/2020,1740.857142857143,2147.169124684872,0,8319
Africa,13/12/2020 - 19/12/2020,2028.8775510204082,2861.4755490877797,0,10939
Africa,20/12/2020 - 26/12/2020,2525.816326530612,3986.682448443554,0,14796
Africa,27/12/2020 - 02/01/2021,2723.081632653061,4729.677208139819,0,18000
Africa,03/01/2021 - 09/01/2021,3382.5714285714284,6252.842287045682,0,21980
Africa,10/01/2021 - 16/01/2021,3123.0408163265306,5411.4443657215315,0,18555
Africa,17/01/2021 - 23/01/2021,2401.387755102041,3793.285986539938,0,12710
Africa,24/01/2021 - 30/01/2021,1537.9183673469388,2088.03086899211,0,8147
Africa,31/01/2021 - 06/02/2021,1057.6734693877552,1092.3448857800342,0,4525
Africa,07/02/2021 - 13/02/2021,801.9591836734694,719.1463098466031,0,3159
Africa,14/02/2021 - 20/02/2021,701.9387755102041,537.3053294048019,0,2327
Africa,21/02/2021 - 27/02/2021,664.530612244898,408.6581243350412,0,1862
Africa,28/02/2021 - 06/03/2021,689.0816326530612,332.4810042653248,0,1447
Africa,07/03/2021 - 13/03/2021,797.5918367346939,382.58745832202356,0,1543
Africa,14/03/2021 - 20/03/2021,928.5714285714286,481.30478043196985,0,2057
Africa,21/03/2021 - 27/03/2021,970.3265306122449,548.3834724197377,0,2173
Africa,28/03/2021 - 03/04/2021,1066.7142857142858,569.9269690056789,0,2372
Africa,04/04/2021 - 10/04/2021,1104.408163265306,587.1276450642052,0,2163
Africa,11/04/2021 - 17/04/2021,1116.8367346938776,610.3258469504486,0,2649
Africa,18/04/2021 - 24/04/2021,1068.0204081632653,603.3237277019389,0,2603
Africa,25/04/2021 - 01/05/2021,893.2857142857143,508.77446706112653,0,1957
Africa,02/05/2021 - 08/05/2021,772.3469387755102,539.8284662364367,0,2256
Africa,09/05/2021 - 15/05/2021,847.1836734693877,902.965915595872,0,3969
Africa,16/05/2021 - 22/05/2021,966.8979591836735,1000.8769330962132,0,4236
Africa,23/05/2021 - 29/05/2021,1069.204081632653,1464.3995922617319,0,7707
Africa,30/05/2021 - 05/06/2021,1168.3877551020407,1696.1987994769183,0,6547
Africa,06/06/2021 - 12/06/2021,1527.0816326530612,2447.0990720028644,0,9319
Africa,13/06/2021 - 19/06/2021,2003.3265306122448,3560.344671913539,0,13575
Africa,20/06/2021 - 26/06/2021,2821.918367346939,5227.621929220202,0,18762
Africa,27/06/2021 - 03/07/2021,3681.6326530612246,6816.635740640554,0,26485
Africa,04/07/2021 - 10/07/2021,4164.3877551020405,6797.210579275414,0,22910
Africa,11/07/2021 - 17/07/2021,3874.387755102041,5211.89753439317,0,17489
Africa,18/07/2021 - 24/07/2021,2952.877551020408,4258.1396692719245,0,16240
Africa,25/07/2021 - 31/07/2021,3704.5714285714284,4261.933540073097,0,17302
Africa,01/08/2021 - 07/08/2021,3786.8571428571427,4467.27929411926,0,13646
Africa,08/08/2021 - 14/08/2021,3669.591836734694,4235.1087791931195,0,14271
Africa,15/08/2021 - 21/08/2021,3771.4285714285716,4378.00999313615,0,14727
Africa,22/08/2021 - 28/08/2021,3438.326530612245,3759.0791945842893,0,13251
Africa,29/08/2021 - 04/09/2021,2601.938775510204,2700.2162753515636,0,9544
Africa,05/09/2021 - 11/09/2021,2000.795918367347,1824.8917659639412,0,6939
Africa,12/09/2021 - 18/09/2021,1641.204081632653,1643.1005241563869,0,9607
Africa,19/09/2021 - 25/09/2021,1092.5714285714287,707.4376886576889,0,2967
Africa,26/09/2021 - 02/10/2021,773.5918367346939,596.845000759806,0,3784
Africa,03/10/2021 - 09/10/2021,578.1836734693877,330.3203415795407,0,1166
Africa,10/10/2021 - 16/10/2021,498.7142857142857,298.5513635317492,0,947
Africa,17/10/2021 - 23/10/2021,407.16326530612247,281.75420338026726,0,885
Africa,24/10/2021 - 30/10/2021,385.6530612244898,286.46426122499764,0,948
Africa,31/10/2021 - 06/11/2021,344.46938775510205,295.86448911345775,0,951
Africa,07/11/2021 - 13/11/2021,356.3265306122449,383.26543172645063,0,1924
Africa,14/11/2021 - 20/11/2021,329.734693877551,376.629945233061,0,1881
Africa,21/11/2021 - 27/11/2021,864.8571428571429,2675.7443201222845,0,18586
Africa,28/11/2021 - 04/12/2021,1537.8775510204082,3700.076804566883,0,16366
Africa,05/12/2021 - 11/12/2021,2489.1632653061224,5759.248921470211,0,22388
Africa,12/12/2021 - 18/12/2021,3761.5102040816328,8545.44060479634,0,37875
Africa,19/12/2021 - 25/12/2021,3447.7755102040815,5735.580500500459,0,21156
Africa,26/12/2021 - 01/01/2022,2639.1632653061224,3021.8832659103687,0,12978
Africa,02/01/2022 - 08/01/2022,2876.9795918367345,2740.5670907207314,0,11106
Africa,09/01/2022 - 15/01/2022,3074.2244897959185,2808.949494215661,0,9569
Africa,16/01/2022 - 22/01/2022,3349.7755102040815,4244.951262310058,0,19923
Africa,23/01/2022 - 29/01/2022,2963.4489795918366,3229.4472505705503,0,16519
Africa,30/01/2022 - 05/02/2022,2475.7551020408164,2600.624240211475,0,12276
Africa,06/02/2022 - 12/02/2022,1811.7142857142858,1546.891466242326,0,5628
Africa,13/02/2022 - 19/02/2022,1366.408163265306,1383.400413810829,0,5398
Africa,20/02/2022 - 26/02/2022,1162.0408163265306,1239.7717188926297,0,6724
Africa,27/02/2022 - 05/03/2022,739.0816326530612,783.6387304516958,0,3413
Africa,06/03/2022 - 12/03/2022,871.204081632653,1942.9565205676445,0,11090
Africa,13/03/2022 - 19/03/2022,259.48979591836735,506.9778151971158,0,1980
Africa,20/03/2022 - 26/03/2022,402.38775510204084,1034.693771451376,0,5516
Africa,27/03/2022 - 02/04/2022,293.16326530612247,787.2382196360783,0,4375
Africa,03/04/2022 - 09/04/2022,378.3673469387755,925.111450355162,0,4001
Africa,10/04/2022 - 16/04/2022,285.3673469387755,629.1499123777241,0,2800
Africa,17/04/2022 - 23/04/2022,498.38775510204084,1228.994589361675,0,4629
Africa,24/04/2022 - 30/04/2022,666.3265306122449,1668.6027261823376,0,6371
Africa,01/05/2022 - 07/05/2022,935.0612244897959,2465.8071819737793,0,9757
Africa,08/05/2022 - 14/05/2022,1079.2857142857142,2716.5750265729826,0,10017
Africa,15/05/2022 - 21/05/2022,842.265306122449,2486.1558242219903,0,13613
Africa,22/05/2022 - 28/05/2022,585.7551020408164,1332.7112016895644,-573,5284
Africa,29/05/2022 - 04/06/2022,425.53061224489795,766.0774575187337,0,2970
Africa,05/06/2022 - 11/06/2022,439.7959183673469,629.8670487885993,0,2788
Africa,12/06/2022 - 18/06/2022,512.9183673469388,616.0657377238884,0,1956
Africa,19/06/2022 - 25/06/2022,687.2448979591836,1007.4897958666927,0,3343
Africa,26/06/2022 - 02/07/2022,678.1428571428571,1308.239656943635,0,5477
Africa,03/07/2022 - 09/07/2022,752.469387755102,2130.637943414687,0,13947
Africa,10/07/2022 - 16/07/2022,710.204081632653,2997.8112778297095,0,20903
Africa,17/07/2022 - 23/07/2022,778.265306122449,3892.603080285255,0,27340
Africa,24/07/2022 - 30/07/2022,448.46938775510205,2043.7013715115934,0,14323
Africa,31/07/2022 - 06/08/2022,214.9591836734694,867.7329168390389,0,5967
Africa,07/08/2022 - 13/08/2022,188.30612244897958,697.0381447023311,0,4581
Africa,14/08/2022 - 20/08/2022,118.20408163265306,278.2299692993667,0,1894
Africa,21/08/2022 - 27/08/2022,76.34693877551021,137.39580158257024,0,754
Africa,28/08/2022 - 03/09/2022,54.04081632653061,111.66392269955888,0,621
Africa,04/09/2022 - 10/09/2022,59.51020408163265,164.99761645361474,0,962
Africa,11/09/2022 - 17/09/2022,45.30612244897959,95.7305689773893,0,361
Africa,18/09/2022 - 24/09/2022,35.51020408163265,99.01685934917423,0,551
Africa,25/09/2022 - 01/10/2022,51.3469387755102,132.0243902688073,0,667
Africa,02/10/2022 - 08/10/2022,43.57142857142857,127.79883280635494,0,723
Africa,09/10/2022 - 15/10/2022,60.69387755102041,133.40824001313172,0,470
Africa,16/10/2022 - 22/10/2022,52.326530612244895,121.28004571979645,0,424
Africa,23/10/2022 - 29/10/2022,63.30612244897959,139.5092894281047,0,693
Africa,30/10/2022 - 05/11/2022,72.18367346938776,127.45157143489634,0,469
Africa,06/11/2022 - 12/11/2022,102.04081632653062,177.74946778913213,0,718
Africa,13/11/2022 - 19/11/2022,113.77551020408163,260.1362035314483,0,1179
Africa,20/11/2022 - 26/11/2022,100.89795918367346,198.36931517773013,0,900
Africa,27/11/2022 - 03/12/2022,86.89795918367346,126.30605107204869,0,465
Africa,04/12/2022 - 10/12/2022,79.38775510204081,145.10912794722955,0,879
Africa,11/12/2022 - 17/12/2022,70.59183673469387,126.516289854862,0,678
Africa,18/12/2022 - 24/12/2022,66.79591836734694,107.85271198719667,0,408
Africa,25/12/2022 - 31/12/2022,52.142857142857146,82.26025771902249,0,418
Africa,01/01/2023 - 07/01/2023,40.08163265306123,66.50496119798565,0,357
Africa,08/01/2023 - 14/01/2023,47.775510204081634,105.55848799483206,0,602
Africa,15/01/2023 - 21/01/2023,103.9795918367347,378.9132205947644,0,2488
Africa,22/01/2023 - 28/01/2023,36.91836734693877,84.9367011207694,0,364
Africa,29/01/2023 - 04/02/2023,35.42857142857143,79.27010785914196,0,304
Africa,05/02/2023 - 11/02/2023,16.612244897959183,74.21360396588648,0,510
Africa,12/02/2023 - 18/02/2023,71.6938775510204,273.9036634233553,0,1755
Africa,19/02/2023 - 25/02/2023,28.959183673469386,114.44011519561832,0,736
Africa,26/02/2023 - 04/03/2023,77.9795918367347,285.27913887073817,0,1854
Africa,05/03/2023 - 11/03/2023,71.85714285714286,200.1086679571793,0,968
America,19/01/2020 - 25/01/2020,0.047619047619047616,0.2645642885299282,0,2
America,26/01/2020 - 01/02/2020,0.04081632653061224,0.30694140756311156,0,3
America,02/02/2020 - 08/02/2020,0.034013605442176874,0.2723556796763751,0,3
America,09/02/2020 - 15/02/2020,0.02040816326530612,0.14187529518897737,0,1
America,16/02/2020 - 22/02/2020,0.034013605442176874,0.21628766950061587,0,2
America,23/02/2020 - 29/02/2020,0.23129251700680273,0.9220883624112747,0,8
America,01/03/2020 - 07/03/2020,3.2653061224489797,15.980864640748356,0,166
America,08/03/2020 - 14/03/2020,22.632653061224488,94.5833749497535,0,759
America,15/03/2020 - 21/03/2020,187.8231292517007,846.3341878617248,0,6367
America,22/03/2020 - 28/03/2020,782.4625850340136,3238.856986510825,-1,22164
America,29/03/2020 - 04/04/2020,1508.5034013605443,6143.315116577018,0,35824
America,05/04/2020 - 11/04/2020,1768.0680272108843,6733.122147886097,0,36026
America,12/04/2020 - 18/04/2020,1679.9795918367347,6022.961299448067,-21,33157
America,19/04/2020 - 25/04/2020,1914.6190476190477,6310.9355105455525,0,32078
America,26/04/2020 - 02/05/2020,1946.1360544217687,5929.941629964588,0,34822
America,03/05/2020 - 09/05/2020,2043.9251700680272,5545.39314179814,-1583,28210
America,10/05/2020 - 16/05/2020,2126.3537414965986,5211.992907304335,-50,25877
America,17/05/2020 - 23/05/2020,2558.5850340136053,5810.480213624789,0,25112
America,24/05/2020 - 30/05/2020,2930.7891156462583,6418.183118096193,0,32321
America,31/05/2020 - 06/06/2020,3164.095238095238,7026.97983151449,0,32101
America,07/06/2020 - 13/06/2020,3175.4625850340135,6894.694664057056,0,33790
America,14/06/2020 - 20/06/2020,4025.3401360544217,9847.892077834003,0,63523
America,21/06/2020 - 27/06/2020,4359.755102040816,10895.230457426593,-19796,49086
America,28/06/2020 - 04/07/2020,5248.306122448979,12580.361568737511,0,55084
America,05/07/2020 - 11/07/2020,5828.0952380952385,14306.925187462006,0,68522
America,12/07/2020 - 18/07/2020,6134.244897959184,15066.442051015247,0,70774
America,19/07/2020 - 25/07/2020,6887.489795918367,16796.89315302307,0,74949
America,26/07/2020 - 01/08/2020,6830.666666666667,15949.25617681299,0,69204
America,02/08/2020 - 08/08/2020,6653.210884353742,14894.074718340082,0,63767
America,09/08/2020 - 15/08/2020,6703.65306122449,14826.080123581683,0,70072
America,16/08/2020 - 22/08/2020,5817.60544217687,12019.80752219665,0,49264
America,23/08/2020 - 29/08/2020,5707.6122448979595,11727.490994818443,0,50437
America,30/08/2020 - 05/09/2020,5720.299319727891,11936.184215896697,0,50225
America,06/09/2020 - 12/09/2020,4735.414965986394,9728.706787902487,-7953,45615
America,13/09/2020 - 19/09/2020,5221.013605442177,10749.572417100997,0,50227
America,20/09/2020 - 26/09/2020,5092.170068027211,10482.127058124202,0,48997
America,27/09/2020 - 03/10/2020,5078.517006802721,10690.136034831452,0,53547
America,04/10/2020 - 10/10/2020,5496.0204081632655,11613.762922739903,0,58213
America,11/10/2020 - 17/10/2020,5364.3877551020405,12619.370893969914,0,70310
America,18/10/2020 - 24/10/2020,6311.367346938776,15421.949669790672,0,82132
America,25/10/2020 - 31/10/2020,6794.428571428572,17943.857800189588,0,100499
America,01/11/2020 - 07/11/2020,7793.238095238095,24042.37096533333,0,130032
America,08/11/2020 - 14/11/2020,10043.102040816326,31774.252403766855,0,178761
America,15/11/2020 - 21/11/2020,11147.42857142857,36999.15626120541,0,201085
America,22/11/2020 - 28/11/2020,11522.040816326531,36740.72560969761,0,215202
America,29/11/2020 - 05/12/2020,13137.741496598639,42491.34280627835,0,235134
America,06/12/2020 - 12/12/2020,14224.795918367347,46510.867749897734,0,236902
America,13/12/2020 - 19/12/2020,14960.829931972788,47833.867806400456,0,246440
America,20/12/2020 - 26/12/2020,13177.340136054421,42234.711194929834,0,220787
America,27/12/2020 - 02/01/2021,14232.802721088436,47388.022524863576,0,313926
America,03/01/2021 - 09/01/2021,17190.299319727892,53806.80517680316,0,302860
America,10/01/2021 - 16/01/2021,16565.51020408163,48053.688915937455,0,244336
America,17/01/2021 - 23/01/2021,13990.421768707483,38138.956148289726,0,192027
America,24/01/2021 - 30/01/2021,12572.020408163266,33217.018899887305,0,166715
America,31/01/2021 - 06/02/2021,10301.374149659863,27043.82163665516,0,130407
America,07/02/2021 - 13/02/2021,8636.666666666666,21658.241859461312,0,106152
America,14/02/2021 - 20/02/2021,7231.0,17062.03375478184,0,74874
America,21/02/2021 - 27/02/2021,7718.707482993197,18297.627632441636,0,77060
America,28/02/2021 - 06/03/2021,7401.9795918367345,17785.93404931071,0,76022
America,07/03/2021 - 13/03/2021,7792.517006802721,18647.719833932668,0,82471
America,14/03/2021 - 20/03/2021,8062.768707482993,19189.76866952734,0,88652
America,21/03/2021 - 27/03/2021,8996.30612244898,20737.378471528184,0,98261
America,28/03/2021 - 03/04/2021,8831.687074829932,19511.5738584988,0,88725
America,04/04/2021 - 10/04/2021,10057.86394557823,20744.010203522077,0,88696
America,11/04/2021 - 17/04/2021,10172.102040816326,19973.268488305934,0,84387
America,18/04/2021 - 24/04/2021,9428.802721088436,17411.824538576777,0,73988
America,25/04/2021 - 01/05/2021,8784.6462585034,16612.772121029135,0,77279
America,02/05/2021 - 08/05/2021,8280.272108843537,15801.669016042983,0,76844
America,09/05/2021 - 15/05/2021,8043.469387755102,15573.852309483938,0,80030
America,16/05/2021 - 22/05/2021,8256.700680272108,15950.549125435928,0,83387
America,23/05/2021 - 29/05/2021,7973.585034013606,14990.627468130462,0,80245
America,30/05/2021 - 05/06/2021,7938.591836734694,15410.572786664474,0,96278
America,06/06/2021 - 12/06/2021,7762.523809523809,16011.728918623068,0,91244
America,13/06/2021 - 19/06/2021,7680.700680272109,16769.843611647342,0,95444
America,20/06/2021 - 26/06/2021,7663.340136054422,17188.032443955704,0,124248
America,27/06/2021 - 03/07/2021,6537.666666666667,12671.997437091832,0,65956
America,04/07/2021 - 10/07/2021,6415.476190476191,12002.040703953673,0,61683
America,11/07/2021 - 17/07/2021,6582.299319727891,12420.636274271108,0,78031
America,18/07/2021 - 24/07/2021,7390.39455782313,16928.43531699294,-90,120781
America,25/07/2021 - 31/07/2021,8272.312925170068,20981.991206029525,0,191156
America,01/08/2021 - 07/08/2021,9628.421768707483,27753.60302363453,0,251959
America,08/08/2021 - 14/08/2021,10117.197278911564,30658.032660710607,0,226712
America,15/08/2021 - 21/08/2021,10977.265306122448,34486.51042060902,0,239003
America,22/08/2021 - 28/08/2021,10782.482993197278,35915.250951687005,0,238345
America,29/08/2021 - 04/09/2021,10732.918367346938,37654.39762752713,0,235115
America,05/09/2021 - 11/09/2021,9679.224489795919,34434.119066326006,0,241690
America,12/09/2021 - 18/09/2021,10052.265306122448,34825.23149709691,0,210630
America,19/09/2021 - 25/09/2021,8087.081632653061,27256.30929184046,0,174569
America,26/09/2021 - 02/10/2021,7259.517006802721,24550.131296793043,0,154832
America,03/10/2021 - 09/10/2021,6329.006802721088,21771.763197610573,0,140564
America,10/10/2021 - 16/10/2021,5436.734693877551,18902.601198953143,0,111005
America,17/10/2021 - 23/10/2021,4891.768707482993,16552.7661050037,0,96631
America,24/10/2021 - 30/10/2021,4738.6122448979595,16818.482334837656,0,109473
America,31/10/2021 - 06/11/2021,4685.224489795918,16729.194576407033,0,109840
America,07/11/2021 - 13/11/2021,5164.911564625851,18874.69430031866,-407,144121
America,14/11/2021 - 20/11/2021,5574.142857142857,21083.067218563472,0,131057
America,21/11/2021 - 27/11/2021,4709.802721088436,17616.43122809609,0,140896
America,28/11/2021 - 04/12/2021,6940.414965986394,27604.417551683997,0,185150
America,05/12/2021 - 11/12/2021,6791.333333333333,26957.711630131613,0,174919
America,12/12/2021 - 18/12/2021,7364.619047619048,29488.420929850974,0,192508
America,19/12/2021 - 25/12/2021,11304.52380952381,44485.90961936264,0,274389
America,26/12/2021 - 01/01/2022,24123.1768707483,93412.62917261834,0,597949
America,02/01/2022 - 08/01/2022,44193.748299319726,160416.38460217667,0,1042792
America,09/01/2022 - 15/01/2022,55274.06122448979,182020.21435164698,0,1354505
America,16/01/2022 - 22/01/2022,55676.204081632655,163346.38192113466,0,1132846
America,23/01/2022 - 29/01/2022,47574.91836734694,126951.97495269834,0,908747
America,30/01/2022 - 05/02/2022,31660.843537414967,77641.29184759242,0,535312
America,06/02/2022 - 12/02/2022,21357.918367346938,50885.67917407596,0,342590
America,13/02/2022 - 19/02/2022,15062.251700680272,32758.40921544609,0,167199
America,20/02/2022 - 26/02/2022,10723.707482993197,23400.47789238353,0,131385
America,27/02/2022 - 05/03/2022,6710.9455782312925,15132.296891169477,0,96764
America,06/03/2022 - 12/03/2022,5859.2040816326535,13313.223915072562,0,74487
America,13/03/2022 - 19/03/2022,4856.360544217687,11178.003928303671,-1073,52025
America,20/03/2022 - 26/03/2022,4092.4149659863947,9693.283218780958,0,46721
America,27/03/2022 - 02/04/2022,3417.4285714285716,8094.824931475227,0,44550
America,03/04/2022 - 09/04/2022,3688.1632653061224,10094.516020369212,0,73178
America,10/04/2022 - 16/04/2022,3172.061224489796,9197.976930054507,-11193,56068
America,17/04/2022 - 23/04/2022,3670.278911564626,12298.182703360575,0,88576
America,24/04/2022 - 30/04/2022,3949.1496598639455,13092.848846181469,0,89812
America,01/05/2022 - 07/05/2022,4882.006802721088,18190.919878725206,-400,129052
America,08/05/2022 - 14/05/2022,5542.278911564626,21152.44446730031,0,161021
America,15/05/2022 - 21/05/2022,7086.115646258503,28761.51640136021,-1556,203833
America,22/05/2022 - 28/05/2022,7298.591836734694,26728.01623297303,0,210740
America,29/05/2022 - 04/06/2022,8031.693877551021,29376.38754673654,0,228723
America,05/06/2022 - 11/06/2022,8613.102040816326,27698.70177827555,0,198599
America,12/06/2022 - 18/06/2022,7632.836734693878,26821.79829609073,0,184888
America,19/06/2022 - 25/06/2022,9659.857142857143,28688.57978837525,0,185360
America,26/06/2022 - 02/07/2022,10755.707482993197,33189.96499319432,0,189893
America,03/07/2022 - 09/07/2022,10700.823129251701,29248.498099762153,0,200404
America,10/07/2022 - 16/07/2022,12815.986394557824,34731.32087308018,0,204317
America,17/07/2022 - 23/07/2022,11774.877551020409,31499.122029490583,0,216403
America,24/07/2022 - 30/07/2022,11130.238095238095,34116.87001942549,0,239777
America,31/07/2022 - 06/08/2022,9768.544217687075,29390.199791028866,-10552,200399
America,07/08/2022 - 13/08/2022,8701.380952380952,28220.70262742209,0,196479
America,14/08/2022 - 20/08/2022,6635.761904761905,21873.181747159975,0,149128
America,21/08/2022 - 27/08/2022,6779.068027210885,23869.2480164762,0,151689
America,28/08/2022 - 03/09/2022,5480.632653061224,20499.349586434975,0,154220
America,04/09/2022 - 10/09/2022,4591.374149659864,18590.885927002888,0,123971
America,11/09/2022 - 17/09/2022,3639.6802721088434,14621.511600353288,-141,103201
America,18/09/2022 - 24/09/2022,3790.639455782313,14565.87884991796,-136,98364
America,25/09/2022 - 01/10/2022,3081.687074829932,12082.750623973547,0,86545
America,02/10/2022 - 08/10/2022,2710.904761904762,10672.422280500961,0,71377
America,09/10/2022 - 15/10/2022,2439.0,9458.594751401124,0,64701
America,16/10/2022 - 22/10/2022,2465.877551020408,9320.2067300974,0,60699
America,23/10/2022 - 29/10/2022,2544.7687074829932,9426.148299706258,0,71540
America,30/10/2022 - 05/11/2022,2688.6190476190477,10484.630321435703,-111,74039
America,06/11/2022 - 12/11/2022,2771.530612244898,10983.67232566677,-229,97325
America,13/11/2022 - 19/11/2022,3278.156462585034,11963.204938191102,-1301,84748
America,20/11/2022 - 26/11/2022,3437.5850340136053,12762.895380935548,-267,113440
America,27/11/2022 - 03/12/2022,5525.775510204082,17909.586416981867,0,113012
America,04/12/2022 - 10/12/2022,5530.0204081632655,20927.054184525023,-270,145440
America,11/12/2022 - 17/12/2022,7027.210884353742,21872.01712397971,0,148168
America,18/12/2022 - 24/12/2022,6312.557823129252,21382.01471763903,0,182123
America,25/12/2022 - 31/12/2022,5592.775510204082,20420.470031284156,-65286,113344
America,01/01/2023 - 07/01/2023,5856.278911564626,23046.29630387028,-1029,198116
America,08/01/2023 - 14/01/2023,4555.469387755102,16591.533545801416,0,139618
America,15/01/2023 - 21/01/2023,3876.156462585034,15277.41955175295,0,128630
America,22/01/2023 - 28/01/2023,2898.2721088435374,11529.404614929808,-1524,102308
America,29/01/2023 - 04/02/2023,3181.469387755102,13322.867717187351,-44,116509
America,05/02/2023 - 11/02/2023,2514.734693877551,10634.89195630502,0,83517
America,12/02/2023 - 18/02/2023,2619.3537414965986,10799.00201680421,-927,89007
America,19/02/2023 - 25/02/2023,2317.0204081632655,11449.402495906907,-134,110163
America,26/02/2023 - 04/03/2023,2684.482993197279,10853.938112629487,-1513,90417
America,05/03/2023 - 11/03/2023,1811.8857142857144,8534.969129675013,-5156,64861
Asia,19/01/2020 - 25/01/2020,0.5,2.7885881331282625,0,25
Asia,26/01/2020 - 01/02/2020,2.1547619047619047,11.34552657437537,0,99
Asia,02/02/2020 - 08/02/2020,2.5714285714285716,13.329970169657594,0,97
Asia,09/02/2020 - 15/02/2020,1.25,5.093253877410879,0,42
Asia,16/02/2020 - 22/02/2020,2.392857142857143,16.532969251840377,0,229
Asia,23/02/2020 - 29/02/2020,14.11111111111111,76.1494883584031,0,813
Asia,01/03/2020 - 07/03/2020,38.55952380952381,159.91785873504503,0,1234
Asia,08/03/2020 - 14/03/2020,39.01190476190476,169.32633059336632,-28,1365
Asia,15/03/2020 - 21/03/2020,59.82539682539682,186.63508419168227,0,1237
Asia,22/03/2020 - 28/03/2020,141.02777777777777,411.1804830771615,0,3076
Asia,29/03/2020 - 04/04/2020,244.21428571428572,609.6791149624532,0,3186
Asia,05/04/2020 - 11/04/2020,317.32142857142856,759.6146353777176,0,5138
Asia,12/04/2020 - 18/04/2020,411.6468253968254,911.3965457556772,0,4801
Asia,19/04/2020 - 25/04/2020,498.4246031746032,1086.727474509789,0,6060
Asia,26/04/2020 - 02/05/2020,526.5,1258.7267122989726,0,9623
Asia,03/05/2020 - 09/05/2020,697.4404761904761,1834.1171374079786,0,11231
Asia,10/05/2020 - 16/05/2020,770.2420634920635,1855.7702133071637,-1,11656
Asia,17/05/2020 - 23/05/2020,852.1666666666666,1803.4470192923388,0,9709
Asia,24/05/2020 - 30/05/2020,888.484126984127,1857.5322499240758,0,8952
Asia,31/05/2020 - 06/06/2020,1078.8095238095239,2165.369536708814,0,10438
Asia,07/06/2020 - 13/06/2020,1178.6507936507937,2378.9300963806186,0,11929
Asia,14/06/2020 - 20/06/2020,1322.8412698412699,2706.761094760072,0,15403
Asia,21/06/2020 - 27/06/2020,1365.079365079365,3046.8374070355553,0,19906
Asia,28/06/2020 - 04/07/2020,1570.0714285714287,3733.1393135429416,0,24850
Asia,05/07/2020 - 11/07/2020,1640.313492063492,4251.598775091445,0,28606
Asia,12/07/2020 - 18/07/2020,1775.25,5418.475086952812,0,38697
Asia,19/07/2020 - 25/07/2020,2069.777777777778,7251.649969015996,-110,49310
Asia,26/07/2020 - 01/08/2020,2260.5396825396824,8573.93797649096,0,61242
Asia,02/08/2020 - 08/08/2020,2454.0833333333335,9445.406276813283,-1,64399
Asia,09/08/2020 - 15/08/2020,2583.09126984127,10240.631259508871,-2,66999
Asia,16/08/2020 - 22/08/2020,2642.3928571428573,10679.784377926013,0,69876
Asia,23/08/2020 - 29/08/2020,2789.3055555555557,11759.555814827392,0,85687
Asia,30/08/2020 - 05/09/2020,3096.6785714285716,13392.202583433174,0,90632
Asia,06/09/2020 - 12/09/2020,3450.9126984126983,15021.149565039832,0,97570
Asia,13/09/2020 - 19/09/2020,3564.5714285714284,15123.776616779296,0,97894
Asia,20/09/2020 - 26/09/2020,3446.0992063492063,13865.368610723428,0,88600
Asia,27/09/2020 - 03/10/2020,3359.6468253968255,13065.384005738224,0,86821
Asia,04/10/2020 - 10/10/2020,3276.7976190476193,11872.100123790942,0,78524
Asia,11/10/2020 - 17/10/2020,3104.4523809523807,10448.306564103312,0,67708
Asia,18/10/2020 - 24/10/2020,2967.246031746032,8908.809570930323,0,55839
Asia,25/10/2020 - 31/10/2020,2847.6785714285716,7861.88493384412,0,49881
Asia,01/11/2020 - 07/11/2020,3088.5992063492063,8077.6688790763965,0,50356
Asia,08/11/2020 - 14/11/2020,3208.345238095238,7884.106438305799,0,47905
Asia,15/11/2020 - 21/11/2020,3308.9880952380954,7628.3718435798255,0,46232
Asia,22/11/2020 - 28/11/2020,3964.1309523809523,8834.929853070687,0,44506
Asia,29/11/2020 - 05/12/2020,4172.087301587301,8637.23080854951,0,38772
Asia,06/12/2020 - 12/12/2020,7071.757936507936,52217.57371184082,0,823225
Asia,13/12/2020 - 19/12/2020,3528.972222222222,7214.881578684743,0,32102
Asia,20/12/2020 - 26/12/2020,3136.9206349206347,6368.685863436996,0,29499
Asia,27/12/2020 - 02/01/2021,2859.7658730158732,5711.331091209157,0,27849
Asia,03/01/2021 - 09/01/2021,2900.9325396825398,5470.4402890069405,0,36867
Asia,10/01/2021 - 16/01/2021,2904.6150793650795,5006.456054908689,0,24303
Asia,17/01/2021 - 23/01/2021,2648.190476190476,4593.245629592812,0,23178
Asia,24/01/2021 - 30/01/2021,2540.5158730158732,4320.881327456494,0,20800
Asia,31/01/2021 - 06/02/2021,2387.2619047619046,3918.961973667636,0,18083
Asia,07/02/2021 - 13/02/2021,2208.6468253968255,3552.58800428043,0,15808
Asia,14/02/2021 - 20/02/2021,2137.3253968253966,3446.6563584229875,0,14264
Asia,21/02/2021 - 27/02/2021,2303.1785714285716,3636.292532556729,0,16752
Asia,28/02/2021 - 06/03/2021,2395.0158730158732,3778.0742148157187,0,18754
Asia,07/03/2021 - 13/03/2021,2636.4920634920636,4484.837411712772,0,25320
Asia,14/03/2021 - 20/03/2021,3258.4484126984125,6547.279659032684,0,43846
Asia,21/03/2021 - 27/03/2021,4137.825396825397,9716.47906371887,0,62714
Asia,28/03/2021 - 03/04/2021,5258.023809523809,13526.283917652501,0,93249
Asia,04/04/2021 - 10/04/2021,7364.444444444444,21971.76423037776,0,152879
Asia,11/04/2021 - 17/04/2021,9962.920634920634,34913.656173994554,-53,261394
Asia,18/04/2021 - 24/04/2021,12769.111111111111,51576.11247501515,0,349691
Asia,25/04/2021 - 01/05/2021,13808.853174603175,61029.291355290654,0,401993
Asia,02/05/2021 - 08/05/2021,13881.694444444445,64199.30980718571,0,414188
Asia,09/05/2021 - 15/05/2021,11949.761904761905,55959.437654042136,0,366494
Asia,16/05/2021 - 22/05/2021,9738.34126984127,43185.21248424471,0,281386
Asia,23/05/2021 - 29/05/2021,7706.162698412699,32007.484237852437,0,222315
Asia,30/05/2021 - 05/06/2021,5805.5317460317465,21401.771456705254,0,152734
Asia,06/06/2021 - 12/06/2021,4583.956349206349,14785.052381455736,0,100636
Asia,13/06/2021 - 19/06/2021,4069.3611111111113,10584.91279195546,0,70421
Asia,20/06/2021 - 26/06/2021,4079.7738095238096,8953.511121944586,0,54069
Asia,27/06/2021 - 03/07/2021,4456.31746031746,8711.536588883437,0,48786
Asia,04/07/2021 - 10/07/2021,5158.861111111111,9442.025748725597,0,45892
Asia,11/07/2021 - 17/07/2021,6071.81746031746,10877.28903923402,0,56757
Asia,18/07/2021 - 24/07/2021,6216.9484126984125,11704.606648245675,-59375,66121
Asia,25/07/2021 - 31/07/2021,7541.0515873015875,10999.37812626963,0,47791
Asia,01/08/2021 - 07/08/2021,7962.841269841269,11031.952404501319,0,44643
Asia,08/08/2021 - 14/08/2021,7958.777777777777,10713.110190714395,0,42541
Asia,15/08/2021 - 21/08/2021,7687.5515873015875,9941.705239897705,0,50228
Asia,22/08/2021 - 28/08/2021,7655.603174603175,10248.785409393578,0,46759
Asia,29/08/2021 - 04/09/2021,7154.857142857143,9795.233184303936,-1,47092
Asia,05/09/2021 - 11/09/2021,6459.333333333333,8905.985803462416,0,43263
Asia,12/09/2021 - 18/09/2021,5771.063492063492,8152.915968705027,0,35662
Asia,19/09/2021 - 25/09/2021,5287.56746031746,7849.97787949612,0,31923
Asia,26/09/2021 - 02/10/2021,4703.349206349207,7320.74461718745,0,29386
Asia,03/10/2021 - 09/10/2021,4389.297619047619,7335.8909198788415,-23,30438
Asia,10/10/2021 - 16/10/2021,4124.908730158731,7364.989593796872,0,33860
Asia,17/10/2021 - 23/10/2021,4013.6150793650795,7548.613195676344,0,36728
Asia,24/10/2021 - 30/10/2021,3863.1746031746034,7545.334121511708,0,39203
Asia,31/10/2021 - 06/11/2021,3930.1746031746034,8038.614368001496,0,40210
Asia,07/11/2021 - 13/11/2021,3641.5793650793653,7584.0762776826,0,39584
Asia,14/11/2021 - 20/11/2021,3430.809523809524,7130.322663546401,0,37620
Asia,21/11/2021 - 27/11/2021,3451.376984126984,7297.011022964743,-1149,39132
Asia,28/11/2021 - 04/12/2021,3175.8214285714284,6680.592553985587,0,33170
Asia,05/12/2021 - 11/12/2021,3090.7103174603176,6368.915583095313,-18,32013
Asia,12/12/2021 - 18/12/2021,2862.2261904761904,6206.199475420824,0,34062
Asia,19/12/2021 - 25/12/2021,2679.0674603174602,5700.475438287811,-11,27680
Asia,26/12/2021 - 01/01/2022,3268.84126984127,7157.244671064228,0,40786
Asia,02/01/2022 - 08/01/2022,7033.273809523809,19284.021491506614,0,159632
Asia,09/01/2022 - 15/01/2022,13832.924603174602,39605.83590602537,0,271202
Asia,16/01/2022 - 22/01/2022,18708.04761904762,52927.229177090485,0,347254
Asia,23/01/2022 - 29/01/2022,21284.603174603173,48616.12481620365,0,306064
Asia,30/01/2022 - 05/02/2022,21779.960317460318,39354.4359263614,0,209918
Asia,06/02/2022 - 12/02/2022,21137.79365079365,37080.22494523359,0,202211
Asia,13/02/2022 - 19/02/2022,20193.944444444445,36530.369872761024,0,195813
Asia,20/02/2022 - 26/02/2022,19930.309523809523,37029.843517838504,0,171448
Asia,27/02/2022 - 05/03/2022,21594.257936507936,45594.717032173365,0,266838
Asia,06/03/2022 - 12/03/2022,23249.353174603173,65069.032582338754,-343,454212
Asia,13/03/2022 - 19/03/2022,24929.801587301587,80951.08838594353,0,621317
Asia,20/03/2022 - 26/03/2022,19013.448412698413,63909.33435586759,0,490707
Asia,27/03/2022 - 02/04/2022,15728.04365079365,53752.404526463484,0,424528
Asia,03/04/2022 - 09/04/2022,11330.388888888889,37266.56756417867,0,286243
Asia,10/04/2022 - 16/04/2022,8005.630952380952,25849.030182450184,0,210676
Asia,17/04/2022 - 23/04/2022,5532.658730158731,16128.616138541629,0,118445
Asia,24/04/2022 - 30/04/2022,4225.043650793651,12505.26135942027,-25,107990
Asia,01/05/2022 - 07/05/2022,3286.472222222222,8862.805253832044,0,51020
Asia,08/05/2022 - 14/05/2022,4624.321428571428,15321.876600781605,0,128954
Asia,15/05/2022 - 21/05/2022,4567.039682539683,14364.825300114217,-291,89420
Asia,22/05/2022 - 28/05/2022,4235.079365079365,14453.366019459996,-9342,94796
Asia,29/05/2022 - 04/06/2022,3586.4285714285716,12804.054661853104,0,88248
Asia,05/06/2022 - 11/06/2022,3459.214285714286,12030.702052424765,0,82990
Asia,12/06/2022 - 18/06/2022,3241.4841269841268,9847.376431993069,0,68931
Asia,19/06/2022 - 25/06/2022,3233.5158730158732,8349.018264909644,0,56366
Asia,26/06/2022 - 02/07/2022,3664.2103174603176,7643.636648256537,0,44417
Asia,03/07/2022 - 09/07/2022,4512.789682539683,9631.544104248516,0,57113
Asia,10/07/2022 - 16/07/2022,6469.063492063492,17131.22890178039,0,117095
Asia,17/07/2022 - 23/07/2022,9653.02380952381,29981.633183899976,-1024,226532
Asia,24/07/2022 - 30/07/2022,12275.650793650793,41646.97355501252,0,365424
Asia,31/07/2022 - 06/08/2022,15631.686507936507,53022.62758769807,0,406322
Asia,07/08/2022 - 13/08/2022,11969.404761904761,38781.13947833282,0,250288
Asia,14/08/2022 - 20/08/2022,13858.694444444445,44294.406831603854,0,260999
Asia,21/08/2022 - 27/08/2022,11629.690476190477,37875.04198716236,0,243490
Asia,28/08/2022 - 03/09/2022,9699.79365079365,28117.474607295586,0,169508
Asia,04/09/2022 - 10/09/2022,8016.222222222223,21800.744890190188,0,129782
Asia,11/09/2022 - 17/09/2022,7504.742063492064,20253.505697060278,0,165336
Asia,18/09/2022 - 24/09/2022,5885.837301587301,14615.868051052403,0,77373
Asia,25/09/2022 - 01/10/2022,4879.678571428572,12060.052868503219,0,49979
Asia,02/10/2022 - 08/10/2022,3978.2579365079364,10221.261440507024,-108,54874
Asia,09/10/2022 - 15/10/2022,4032.7420634920636,9998.976928589378,-159,53374
Asia,16/10/2022 - 22/10/2022,3689.5238095238096,9342.066121674667,0,44854
Asia,23/10/2022 - 29/10/2022,3852.8849206349205,10201.27840040846,0,50294
Asia,30/10/2022 - 05/11/2022,4299.246031746032,12412.735321529042,0,74170
Asia,06/11/2022 - 12/11/2022,4771.662698412699,14877.274362178283,-1211,87410
Asia,13/11/2022 - 19/11/2022,5120.472222222223,16571.950925504007,-568,107702
Asia,20/11/2022 - 26/11/2022,5555.3452380952385,19051.676550642358,0,133361
Asia,27/11/2022 - 03/12/2022,5734.003968253968,20266.461490221853,0,138396
Asia,04/12/2022 - 10/12/2022,6190.480158730159,22249.39232769731,0,149383
Asia,11/12/2022 - 17/12/2022,7213.785714285715,27226.358073490675,0,190607
Asia,18/12/2022 - 24/12/2022,7832.626984126984,29696.227198290628,0,206943
Asia,25/12/2022 - 31/12/2022,7822.964285714285,29123.694581327563,0,216219
Asia,01/01/2023 - 07/01/2023,7894.888888888889,30548.559586995165,0,245542
Asia,08/01/2023 - 14/01/2023,6334.1349206349205,26093.951098404912,0,198873
Asia,15/01/2023 - 21/01/2023,4345.075396825397,17042.245308925445,0,126799
Asia,22/01/2023 - 28/01/2023,3181.2658730158732,11643.516457786069,0,93801
Asia,29/01/2023 - 04/02/2023,2649.595238095238,8612.59585568507,-13,55537
Asia,05/02/2023 - 11/02/2023,2191.2658730158732,6910.764806005941,-1225,44755
Asia,12/02/2023 - 18/02/2023,1770.3174603174602,5148.387028036148,-17,32070
Asia,19/02/2023 - 25/02/2023,1292.6150793650793,3921.727722996272,0,19410
Asia,26/02/2023 - 04/03/2023,1009.5833333333334,3167.908709328198,0,14792
Asia,05/03/2023 - 11/03/2023,1042.7333333333333,3140.7692072815253,0,14113
Europe,19/01/2020 - 25/01/2020,0.026785714285714284,0.21052578659420043,0,2
Europe,26/01/2020 - 01/02/2020,0.09183673469387756,0.40728581771319844,0,3
Europe,02/02/2020 - 08/02/2020,0.11734693877551021,0.6652588484390706,0,6
Europe,09/02/2020 - 15/02/2020,0.05612244897959184,0.2519936208108379,0,2
Europe,16/02/2020 - 22/02/2020,0.32653061224489793,3.2337182225184415,0,42
Europe,23/02/2020 - 29/02/2020,6.903061224489796,31.048445038339633,-1,240
Europe,01/03/2020 - 07/03/2020,41.81122448979592,139.50910300794953,0,1247
Europe,08/03/2020 - 14/03/2020,181.91326530612244,499.3418926665849,0,3497
Europe,15/03/2020 - 21/03/2020,505.25,1092.7142745921442,0,6557
Europe,22/03/2020 - 28/03/2020,1021.2091836734694,1872.3330303475966,0,9630
Europe,29/03/2020 - 04/04/2020,1090.5765306122448,2398.7830545572438,-17105,8195
Europe,05/04/2020 - 11/04/2020,989.0612244897959,1618.6141417342442,-3534,6278
Europe,12/04/2020 - 18/04/2020,1269.0510204081634,4069.950131043185,0,50740
Europe,19/04/2020 - 25/04/2020,707.7142857142857,1466.460850360836,-10034,6948
Europe,26/04/2020 - 02/05/2020,559.1887755102041,976.441214939404,-1457,5435
Europe,03/05/2020 - 09/05/2020,436.7295918367347,716.5578355113096,0,4129
Europe,10/05/2020 - 16/05/2020,358.9948979591837,601.8592773376724,0,3583
Europe,17/05/2020 - 23/05/2020,297.7091836734694,485.8829363258845,0,3041
Europe,24/05/2020 - 30/05/2020,264.6938775510204,442.44608903900735,-559,3282
Europe,31/05/2020 - 06/06/2020,225.03061224489795,498.52549669295394,-3250,4271
Europe,07/06/2020 - 13/06/2020,236.21428571428572,305.6965899845877,0,1437
Europe,14/06/2020 - 20/06/2020,242.05612244897958,309.3886808021219,-148,1496
Europe,21/06/2020 - 27/06/2020,241.64795918367346,302.5613454151132,0,1698
Europe,28/06/2020 - 04/07/2020,202.20408163265307,217.24791270113144,-410,924
Europe,05/07/2020 - 11/07/2020,216.22448979591837,227.22443578472598,0,1244
Europe,12/07/2020 - 18/07/2020,246.3622448979592,300.93767376372006,0,2045
Europe,19/07/2020 - 25/07/2020,317.93367346938777,491.97234724121046,0,4581
Europe,26/07/2020 - 01/08/2020,398.33673469387753,643.8138995939033,0,6361
Europe,02/08/2020 - 08/08/2020,493.3826530612245,934.130442494503,0,8532
Europe,09/08/2020 - 15/08/2020,595.3724489795918,1083.9510912687385,0,8618
Europe,16/08/2020 - 22/08/2020,726.1581632653061,1608.397307238799,0,16269
Europe,23/08/2020 - 29/08/2020,868.3469387755102,2081.6231245982967,0,19382
Europe,30/08/2020 - 05/09/2020,1005.8163265306123,2372.294688517422,0,23572
Europe,06/09/2020 - 12/09/2020,1235.5714285714287,2741.6732491542834,0,26560
Europe,13/09/2020 - 19/09/2020,1493.0561224489795,3064.7917320654396,0,27404
Europe,20/09/2020 - 26/09/2020,1794.841836734694,3539.1243999675744,0,31428
Europe,27/09/2020 - 03/10/2020,1980.3316326530612,3699.4127513485705,0,31785
Europe,04/10/2020 - 10/10/2020,2994.7755102040815,4743.00228737704,0,26677
Europe,11/10/2020 - 17/10/2020,4063.576530612245,5733.163213271575,0,32100
Europe,18/10/2020 - 24/10/2020,6001.443877551021,8277.278040262298,0,45240
Europe,25/10/2020 - 31/10/2020,8053.306122448979,10862.118327573988,0,72017
Europe,01/11/2020 - 07/11/2020,9246.352040816326,15190.106621848448,-47301,104314
Europe,08/11/2020 - 14/11/2020,8356.265306122448,10405.250789423108,0,52386
Europe,15/11/2020 - 21/11/2020,7770.892857142857,9190.72043903314,0,45210
Europe,22/11/2020 - 28/11/2020,6502.724489795918,7012.4811283159215,0,32733
Europe,29/11/2020 - 05/12/2020,5783.438775510204,5791.185523315853,0,24110
Europe,06/12/2020 - 12/12/2020,5957.709183673469,5991.388828517086,0,29875
Europe,13/12/2020 - 19/12/2020,6477.581632653061,7092.919366304094,0,35383
Europe,20/12/2020 - 26/12/2020,6155.984693877551,8462.393011543236,0,39988
Europe,27/12/2020 - 02/01/2021,6537.433673469388,10569.074579516084,0,57724
Europe,03/01/2021 - 09/01/2021,7799.989795918367,12426.191712747177,0,68053
Europe,10/01/2021 - 16/01/2021,7190.75,11394.634261915584,0,61422
Europe,17/01/2021 - 23/01/2021,6486.132653061224,11037.561385850386,0,84287
Europe,24/01/2021 - 30/01/2021,5840.852040816327,10186.069607295174,0,93822
Europe,31/01/2021 - 06/02/2021,5074.816326530612,8756.236503754384,-458,79686
Europe,07/02/2021 - 13/02/2021,4202.469387755102,5935.514536621294,0,47095
Europe,14/02/2021 - 20/02/2021,4059.5867346938776,5199.054765926705,0,30251
Europe,21/02/2021 - 27/02/2021,4585.102040816327,5652.275704146792,0,31230
Europe,28/02/2021 - 06/03/2021,4400.117346938776,8139.789218685005,-74347,26079
Europe,07/03/2021 - 13/03/2021,5286.8622448979595,6554.531621389739,0,29650
Europe,14/03/2021 - 20/03/2021,6057.035714285715,7766.2216027701215,0,37638
Europe,21/03/2021 - 27/03/2021,6901.7959183673465,9525.795962929704,-2214,64225
Europe,28/03/2021 - 03/04/2021,6590.923469387755,9372.588635621141,-1160,57911
Europe,04/04/2021 - 10/04/2021,5564.408163265306,10408.527353494626,-4860,96842
Europe,11/04/2021 - 17/04/2021,6197.035714285715,11291.941613323987,0,117900
Europe,18/04/2021 - 24/04/2021,5106.984693877551,7512.141764641572,0,44003
Europe,25/04/2021 - 01/05/2021,4209.6377551020405,6140.06136162465,0,31202
Europe,02/05/2021 - 08/05/2021,3332.535714285714,4884.051335725292,0,24745
Europe,09/05/2021 - 15/05/2021,2668.173469387755,3822.7662088731995,0,20030
Europe,16/05/2021 - 22/05/2021,288.09183673469386,25267.399306712516,-349116,18128
Europe,23/05/2021 - 29/05/2021,1566.984693877551,2289.2082798387896,0,13933
Europe,30/05/2021 - 05/06/2021,1279.4234693877552,2049.8292184672996,0,15393
Europe,06/06/2021 - 12/06/2021,1073.5969387755101,1874.3192366326218,0,14004
Europe,13/06/2021 - 19/06/2021,850.3316326530612,1826.5842178340415,0,10809
Europe,20/06/2021 - 26/06/2021,971.0408163265306,2709.2359824463238,-28,17943
Europe,27/06/2021 - 03/07/2021,1483.1020408163265,4571.732476390993,-23,27556
Europe,04/07/2021 - 10/07/2021,2331.8469387755104,6477.148552513206,0,35200
Europe,11/07/2021 - 17/07/2021,3504.908163265306,9470.242451705599,0,53969
Europe,18/07/2021 - 24/07/2021,3914.3469387755104,9871.680713784946,0,61628
Europe,25/07/2021 - 31/07/2021,3457.0204081632655,8210.972691034523,0,61625
Europe,01/08/2021 - 07/08/2021,3379.3826530612246,7777.1357697439535,0,55939
Europe,08/08/2021 - 14/08/2021,3489.5102040816328,7325.190520312063,0,39638
Europe,15/08/2021 - 21/08/2021,3561.326530612245,7103.7161928979995,0,36987
Europe,22/08/2021 - 28/08/2021,3680.9948979591836,7455.961736790677,0,37962
Europe,29/08/2021 - 04/09/2021,3517.7755102040815,7227.61323164632,-1707,42065
Europe,05/09/2021 - 11/09/2021,3542.9591836734694,7234.145367514084,0,40801
Europe,12/09/2021 - 18/09/2021,3295.714285714286,5779.180361546268,-1176,32292
Europe,19/09/2021 - 25/09/2021,3353.581632653061,6300.572868416412,0,35764
Europe,26/09/2021 - 02/10/2021,3658.862244897959,6674.863501641184,0,37485
Europe,03/10/2021 - 09/10/2021,3948.311224489796,7121.869897793987,0,39730
Europe,10/10/2021 - 16/10/2021,4451.413265306122,8035.145336079845,-1096,44556
Europe,17/10/2021 - 23/10/2021,5597.826530612245,9389.091363727413,0,51484
Europe,24/10/2021 - 30/10/2021,6292.2295918367345,8901.614422480028,0,43922
Europe,31/10/2021 - 06/11/2021,6881.857142857143,8957.128312704712,0,48088
Europe,07/11/2021 - 13/11/2021,8132.632653061224,10543.540759217813,0,73058
Europe,14/11/2021 - 20/11/2021,9792.770408163266,13029.268930957804,0,102186
Europe,21/11/2021 - 27/11/2021,11422.801020408164,16352.821296494243,0,137294
Europe,28/11/2021 - 04/12/2021,11855.948979591836,17287.72416151307,0,140890
Europe,05/12/2021 - 11/12/2021,11553.954081632653,17769.69881865118,-83,134401
Europe,12/12/2021 - 18/12/2021,11959.647959183674,19158.08596064418,0,108086
Europe,19/12/2021 - 25/12/2021,13873.852040816326,26069.74856258605,0,122448
Europe,26/12/2021 - 01/01/2022,24446.336734693876,49445.34390149704,0,232200
Europe,02/01/2022 - 08/01/2022,34573.62244897959,68190.89125321657,0,372766
Europe,09/01/2022 - 15/01/2022,38700.40306122449,70158.32915339193,0,359550
Europe,16/01/2022 - 22/01/2022,45078.4081632653,79117.7331037981,0,461517
Europe,23/01/2022 - 29/01/2022,49658.57142857143,76976.95828159996,0,501635
Europe,30/01/2022 - 05/02/2022,48365.27551020408,85911.46055792268,0,847371
Europe,06/02/2022 - 12/02/2022,37774.9081632653,61900.55353119586,-33955,446255
Europe,13/02/2022 - 19/02/2022,25994.413265306124,45327.916493691875,-5532,411414
Europe,20/02/2022 - 26/02/2022,20185.622448979593,39511.71382079906,0,381004
Europe,27/02/2022 - 05/03/2022,18565.39285714286,38416.1197166749,0,346095
Europe,06/03/2022 - 12/03/2022,22067.341836734693,49239.80506866876,0,387527
Europe,13/03/2022 - 19/03/2022,25239.321428571428,55634.5644634677,0,476071
Europe,20/03/2022 - 26/03/2022,26194.530612244896,60235.790133093054,0,484345
Europe,27/03/2022 - 02/04/2022,23624.70408163265,56756.09938896828,0,430751
Europe,03/04/2022 - 09/04/2022,18073.60714285714,45012.691602095794,0,311638
Europe,10/04/2022 - 16/04/2022,13948.377551020409,36767.16658567499,-2868,236935
Europe,17/04/2022 - 23/04/2022,12809.566326530612,36500.753415205414,-784,277181
Europe,24/04/2022 - 30/04/2022,10344.744897959185,27175.194689392454,0,194342
Europe,01/05/2022 - 07/05/2022,8028.908163265306,19758.874337597234,0,113522
Europe,08/05/2022 - 14/05/2022,7369.418367346939,17786.744325219777,0,107568
Europe,15/05/2022 - 21/05/2022,6130.030612244898,14733.654620667245,0,86252
Europe,22/05/2022 - 28/05/2022,4605.974489795918,12239.149722199774,-29738,64437
Europe,29/05/2022 - 04/06/2022,4345.173469387755,10897.059706484002,0,61889
Europe,05/06/2022 - 11/06/2022,4919.316326530612,13884.777021447688,-94,84655
Europe,12/06/2022 - 18/06/2022,7098.775510204082,20136.70098207882,0,164092
Europe,19/06/2022 - 25/06/2022,9829.234693877552,24319.290925814017,0,123097
Europe,26/06/2022 - 02/07/2022,12749.091836734693,32121.529113133467,0,164828
Europe,03/07/2022 - 09/07/2022,15316.229591836734,40084.34501325783,0,243248
Europe,10/07/2022 - 16/07/2022,13554.923469387755,38329.795554108474,0,251337
Europe,17/07/2022 - 23/07/2022,15174.647959183674,46415.11514983957,0,367629
Europe,24/07/2022 - 30/07/2022,10037.112244897959,25926.377780715186,-1635,145472
Europe,31/07/2022 - 06/08/2022,7819.658163265306,19040.88948553867,-3528,125193
Europe,07/08/2022 - 13/08/2022,6042.372448979592,14543.611936977377,0,103059
Europe,14/08/2022 - 20/08/2022,5005.663265306122,12191.608206272831,0,77062
Europe,21/08/2022 - 27/08/2022,4505.602040816327,10384.08950836516,0,60411
Europe,28/08/2022 - 03/09/2022,3982.280612244898,9252.35057966667,0,54504
Europe,04/09/2022 - 10/09/2022,3726.045918367347,8726.082124529572,0,49709
Europe,11/09/2022 - 17/09/2022,4413.280612244898,10089.041455210476,-12934,54930
Europe,18/09/2022 - 24/09/2022,5109.413265306122,12032.85645980131,0,61475
Europe,25/09/2022 - 01/10/2022,6955.244897959184,17644.259758105818,0,96367
Europe,02/10/2022 - 08/10/2022,8266.994897959185,23704.143366367563,0,174112
Europe,09/10/2022 - 15/10/2022,9144.918367346938,26570.043599425153,0,172536
Europe,16/10/2022 - 22/10/2022,8421.637755102041,23879.57369345035,0,150052
Europe,23/10/2022 - 29/10/2022,6100.142857142857,17364.11582073494,-6885,115534
Europe,30/10/2022 - 05/11/2022,3892.377551020408,13472.753362603527,0,110988
Europe,06/11/2022 - 12/11/2022,3995.0714285714284,16215.15156803534,0,181181
Europe,13/11/2022 - 19/11/2022,4223.775510204082,17771.187126865323,0,208346
Europe,20/11/2022 - 26/11/2022,4540.663265306122,19610.627380983293,0,229122
Europe,27/11/2022 - 03/12/2022,5221.209183673469,21169.52077415311,0,227420
Europe,04/12/2022 - 10/12/2022,5416.658163265306,21704.076970207752,-5,221324
Europe,11/12/2022 - 17/12/2022,5302.311224489796,19648.675767216653,-8639,174630
Europe,18/12/2022 - 24/12/2022,4768.2704081632655,16467.49997600843,0,137572
Europe,25/12/2022 - 31/12/2022,3017.612244897959,12747.095386899762,0,122099
Europe,01/01/2023 - 07/01/2023,2861.6632653061224,12382.805049802442,0,135977
Europe,08/01/2023 - 14/01/2023,1725.7295918367347,7378.859723828629,0,84060
Europe,15/01/2023 - 21/01/2023,1161.0867346938776,4539.808560024232,0,51888
Europe,22/01/2023 - 28/01/2023,1136.8724489795918,3869.918810392786,0,38159
Europe,29/01/2023 - 04/02/2023,1188.4948979591836,3997.6989631504057,-781,34377
Europe,05/02/2023 - 11/02/2023,1194.7091836734694,3943.448467719116,-17,30901
Europe,12/02/2023 - 18/02/2023,1373.7551020408164,4192.212981625238,0,28347
Europe,19/02/2023 - 25/02/2023,1515.9132653061224,4682.572180245356,0,29438
Europe,26/02/2023 - 04/03/2023,1507.280612244898,4554.629446250027,0,32970
Europe,05/03/2023 - 11/03/2023,1319.0,3640.74216680883,0,28779
Oceania,19/01/2020 - 25/01/2020,0.0,0.0,0,0
Oceania,26/01/2020 - 01/02/2020,0.21428571428571427,0.5943456513231615,-1,3
Oceania,02/02/2020 - 08/02/2020,0.05357142857142857,0.29662604907022744,-1,1
Oceania,09/02/2020 - 15/02/2020,0.0,0.0,0,0
Oceania,16/02/2020 - 22/02/2020,0.0,0.0,0,0
Oceania,23/02/2020 - 29/02/2020,0.19642857142857142,0.7241206041472991,0,4
Oceania,01/03/2020 - 07/03/2020,0.75,1.665150825819473,0,9
Oceania,08/03/2020 - 14/03/2020,3.3392857142857144,5.660956506760017,0,27
Oceania,15/03/2020 - 21/03/2020,15.446428571428571,21.5017290153455,0,108
Oceania,22/03/2020 - 28/03/2020,52.785714285714285,59.00376391251795,0,233
Oceania,29/03/2020 - 04/04/2020,42.82142857142857,47.97086507562581,0,241
Oceania,05/04/2020 - 11/04/2020,19.875,21.785785607718037,0,89
Oceania,12/04/2020 - 18/04/2020,6.696428571428571,7.001089896598939,-1,29
Oceania,19/04/2020 - 25/04/2020,3.107142857142857,3.9711622820189394,0,21
Oceania,26/04/2020 - 02/05/2020,2.1607142857142856,3.132102318741349,-1,13
Oceania,03/05/2020 - 09/05/2020,2.625,5.337900506583259,-2,22
Oceania,10/05/2020 - 16/05/2020,1.9642857142857142,3.972470198820814,-1,19
Oceania,17/05/2020 - 23/05/2020,1.3392857142857142,2.6783766162922826,0,12
Oceania,24/05/2020 - 30/05/2020,1.3928571428571428,2.9767497310051043,-5,11
Oceania,31/05/2020 - 06/06/2020,1.1964285714285714,2.267715252745033,-1,10
Oceania,07/06/2020 - 13/06/2020,1.0892857142857142,2.874823540603908,-2,17
Oceania,14/06/2020 - 20/06/2020,2.642857142857143,7.110628591133063,0,44
Oceania,21/06/2020 - 27/06/2020,4.285714285714286,12.470640846279036,-1,81
Oceania,28/06/2020 - 04/07/2020,13.625,37.96149364816932,0,194
Oceania,05/07/2020 - 11/07/2020,24.357142857142858,63.409901312141976,0,299
Oceania,12/07/2020 - 18/07/2020,35.964285714285715,94.36928704648741,0,415
Oceania,19/07/2020 - 25/07/2020,46.5,120.39374795002665,0,450
Oceania,26/07/2020 - 01/08/2020,62.482142857142854,169.11437668807878,-25,694
Oceania,02/08/2020 - 08/08/2020,57.017857142857146,152.22011467505965,-28,700
Oceania,09/08/2020 - 15/08/2020,40.285714285714285,101.65050897081615,0,395
Oceania,16/08/2020 - 22/08/2020,28.142857142857142,70.09718670828084,0,263
Oceania,23/08/2020 - 29/08/2020,16.321428571428573,37.34561293103656,0,144
Oceania,30/08/2020 - 05/09/2020,11.625,25.234581250916193,-1,112
Oceania,06/09/2020 - 12/09/2020,7.107142857142857,14.659379338751098,0,73
Oceania,13/09/2020 - 19/09/2020,4.732142857142857,10.436807368728623,-1,42
Oceania,20/09/2020 - 26/09/2020,2.857142857142857,5.49521633763427,0,25
Oceania,27/09/2020 - 03/10/2020,2.0714285714285716,3.6224408790314193,0,14
Oceania,04/10/2020 - 10/10/2020,2.5892857142857144,4.030685868612012,0,13
Oceania,11/10/2020 - 17/10/2020,2.5357142857142856,3.75603410631376,0,15
Oceania,18/10/2020 - 24/10/2020,3.0714285714285716,5.141125249511903,0,25
Oceania,25/10/2020 - 31/10/2020,1.8035714285714286,2.5966386863659845,-1,12
Oceania,01/11/2020 - 07/11/2020,1.5178571428571428,2.272292166142305,-1,9
Oceania,08/11/2020 - 14/11/2020,1.1607142857142858,2.755337205657978,0,17
Oceania,15/11/2020 - 21/11/2020,2.4464285714285716,3.995086267618546,0,22
Oceania,22/11/2020 - 28/11/2020,1.5535714285714286,2.3963581676227923,-1,9
Oceania,29/11/2020 - 05/12/2020,1.6785714285714286,2.670424840951123,0,9
Oceania,06/12/2020 - 12/12/2020,1.4285714285714286,2.173034266199666,-1,9
Oceania,13/12/2020 - 19/12/2020,2.6607142857142856,6.639487345254316,-1,36
Oceania,20/12/2020 - 26/12/2020,2.9642857142857144,5.682394775938257,-1,23
Oceania,27/12/2020 - 02/01/2021,3.6607142857142856,5.784860446856984,0,25
Oceania,03/01/2021 - 09/01/2021,2.5,4.755857632244873,-2,31
Oceania,10/01/2021 - 16/01/2021,2.625,4.052216004293768,0,18
Oceania,17/01/2021 - 23/01/2021,1.4285714285714286,2.2712202795945524,-1,9
Oceania,24/01/2021 - 30/01/2021,1.1785714285714286,1.6960611358743458,-2,6
Oceania,31/01/2021 - 06/02/2021,0.9285714285714286,1.5823704066671949,-2,6
Oceania,07/02/2021 - 13/02/2021,1.0,1.2060453783110545,0,5
Oceania,14/02/2021 - 20/02/2021,0.8392857142857143,1.4368752171327857,0,6
Oceania,21/02/2021 - 27/02/2021,1.2321428571428572,1.9816528585875106,0,7
Oceania,28/02/2021 - 06/03/2021,1.5535714285714286,2.4488932034855915,-1,12
Oceania,07/03/2021 - 13/03/2021,1.9107142857142858,2.3298598140761073,0,8
Oceania,14/03/2021 - 20/03/2021,1.9285714285714286,2.715993994217104,0,10
Oceania,21/03/2021 - 27/03/2021,1.625,2.3242789693306456,0,9
Oceania,28/03/2021 - 03/04/2021,1.8392857142857142,2.9342912151088436,0,11
Oceania,04/04/2021 - 10/04/2021,2.3214285714285716,4.31954182274481,-1,24
Oceania,11/04/2021 - 17/04/2021,2.2857142857142856,2.845821726444104,0,9
Oceania,18/04/2021 - 24/04/2021,1.9464285714285714,2.925869834034707,0,16
Oceania,25/04/2021 - 01/05/2021,3.0714285714285716,4.129085933878181,-1,16
Oceania,02/05/2021 - 08/05/2021,2.1607142857142856,2.6681746277475624,0,10
Oceania,09/05/2021 - 15/05/2021,0.9821428571428571,1.4332553084572124,-1,5
Oceania,16/05/2021 - 22/05/2021,0.9285714285714286,1.462962658532247,0,6
Oceania,23/05/2021 - 29/05/2021,1.625,2.632402981031866,0,12
Oceania,30/05/2021 - 05/06/2021,1.5535714285714286,2.6071206190120786,-1,11
Oceania,06/06/2021 - 12/06/2021,1.7678571428571428,2.676436378528675,-1,11
Oceania,13/06/2021 - 19/06/2021,1.6428571428571428,1.9947984307244628,0,8
Oceania,20/06/2021 - 26/06/2021,3.107142857142857,6.360899225820115,-3,31
Oceania,27/06/2021 - 03/07/2021,4.857142857142857,9.022050908601802,-2,40
Oceania,04/07/2021 - 10/07/2021,6.428571428571429,15.599367286536328,0,82
Oceania,11/07/2021 - 17/07/2021,15.053571428571429,33.16044721864076,0,117
Oceania,18/07/2021 - 24/07/2021,19.035714285714285,40.52337789281832,-1,159
Oceania,25/07/2021 - 31/07/2021,26.232142857142858,65.25251400839346,-1,238
Oceania,01/08/2021 - 07/08/2021,34.964285714285715,84.10447275658018,0,308
Oceania,08/08/2021 - 14/08/2021,50.035714285714285,123.4278536835793,0,463
Oceania,15/08/2021 - 21/08/2021,89.73214285714286,216.8786414792156,-1,822
Oceania,22/08/2021 - 28/08/2021,137.07142857142858,312.35433592129175,0,1213
Oceania,29/08/2021 - 04/09/2021,190.48214285714286,435.2362364205289,0,1516
Oceania,05/09/2021 - 11/09/2021,216.57142857142858,457.9292068011806,0,1603
Oceania,12/09/2021 - 18/09/2021,217.33928571428572,414.64645517863505,0,1334
Oceania,19/09/2021 - 25/09/2021,215.17857142857142,374.7436994263416,0,1043
Oceania,26/09/2021 - 02/10/2021,249.89285714285714,437.08429303828706,0,1476
Oceania,03/10/2021 - 09/10/2021,292.01785714285717,567.2426285773353,0,1908
Oceania,10/10/2021 - 16/10/2021,287.30357142857144,608.5460741395423,0,2293
Oceania,17/10/2021 - 23/10/2021,285.51785714285717,616.8921223231948,0,2189
Oceania,24/10/2021 - 30/10/2021,228.71428571428572,481.20706993543246,0,1757
Oceania,31/10/2021 - 06/11/2021,192.39285714285714,382.0356327298864,-1,1331
Oceania,07/11/2021 - 13/11/2021,187.98214285714286,356.8864597177513,-3,1289
Oceania,14/11/2021 - 20/11/2021,180.07142857142858,343.60843767515144,0,1264
Oceania,21/11/2021 - 27/11/2021,192.98214285714286,371.624859285491,-1,1355
Oceania,28/11/2021 - 04/12/2021,192.46428571428572,377.7759780748236,-1,1409
Oceania,05/12/2021 - 11/12/2021,210.10714285714286,391.30679331377127,-1,1296
Oceania,12/12/2021 - 18/12/2021,396.6607142857143,711.5110751526887,-2,2558
Oceania,19/12/2021 - 25/12/2021,898.5535714285714,1652.9625846245979,-4,6379
Oceania,26/12/2021 - 01/01/2022,2902.6964285714284,5133.737603237635,0,22547
Oceania,02/01/2022 - 08/01/2022,9082.25,13886.973824742772,-124,51089
Oceania,09/01/2022 - 15/01/2022,13392.732142857143,19674.891970585777,-13,92264
Oceania,16/01/2022 - 22/01/2022,8360.5,10839.977390113958,-173,32297
Oceania,23/01/2022 - 29/01/2022,6458.428571428572,9403.272209680556,-129,50258
Oceania,30/01/2022 - 05/02/2022,2829.0714285714284,9077.366265722561,-53304,18306
Oceania,06/02/2022 - 12/02/2022,3010.875,4450.314138299167,-15121,10213
Oceania,13/02/2022 - 19/02/2022,2398.6071428571427,4975.427892712788,-24692,14385
Oceania,20/02/2022 - 26/02/2022,3451.785714285714,3287.47270553086,-8,13625
Oceania,27/02/2022 - 05/03/2022,5748.285714285715,7113.351404773436,-42,32674
Oceania,06/03/2022 - 12/03/2022,6644.732142857143,7684.109808242583,0,39773
Oceania,13/03/2022 - 19/03/2022,7561.767857142857,7889.571644072196,0,39135
Oceania,20/03/2022 - 26/03/2022,8706.375,7057.572576672521,0,24762
Oceania,27/03/2022 - 02/04/2022,8816.57142857143,6396.970688912463,669,25453
Oceania,03/04/2022 - 09/04/2022,8111.678571428572,6485.514901005842,-191,24116
Oceania,10/04/2022 - 16/04/2022,6776.321428571428,4567.330878023909,-39,18231
Oceania,17/04/2022 - 23/04/2022,6375.125,4644.587004098035,0,19598
Oceania,24/04/2022 - 30/04/2022,5667.107142857143,3779.7131188807125,0,13725
Oceania,01/05/2022 - 07/05/2022,6142.660714285715,4354.269600693035,-3023,18091
Oceania,08/05/2022 - 14/05/2022,7063.410714285715,4891.251521484923,0,16990
Oceania,15/05/2022 - 21/05/2022,7363.178571428572,5237.170107144586,743,21002
Oceania,22/05/2022 - 28/05/2022,5625.392857142857,3858.52365869063,579,12876
Oceania,29/05/2022 - 04/06/2022,4561.571428571428,3131.8537749282723,0,9644
Oceania,05/06/2022 - 11/06/2022,4088.910714285714,2842.732675544851,0,10378
Oceania,12/06/2022 - 18/06/2022,3948.285714285714,2486.542665222945,0,9087
Oceania,19/06/2022 - 25/06/2022,4151.928571428572,2869.885394336048,0,9455
Oceania,26/06/2022 - 02/07/2022,4862.553571428572,3726.861730828538,0,20509
Oceania,03/07/2022 - 09/07/2022,5946.446428571428,4780.78492954164,0,28538
Oceania,10/07/2022 - 16/07/2022,6301.428571428572,3953.054183365487,-45,14115
Oceania,17/07/2022 - 23/07/2022,6943.839285714285,4699.597142412744,0,18657
Oceania,24/07/2022 - 30/07/2022,6341.910714285715,6291.25962608381,0,34614
Oceania,31/07/2022 - 06/08/2022,4785.571428571428,4017.586158411509,-16,16637
Oceania,07/08/2022 - 13/08/2022,3340.3035714285716,3073.7060717088325,0,11324
Oceania,14/08/2022 - 20/08/2022,2561.875,2159.811364343066,0,8126
Oceania,21/08/2022 - 27/08/2022,1850.9464285714287,1926.4102217680602,-3079,6668
Oceania,28/08/2022 - 03/09/2022,1475.982142857143,1346.8823595935971,0,5418
Oceania,04/09/2022 - 10/09/2022,1049.107142857143,1139.406459179857,-106,4050
Oceania,11/09/2022 - 17/09/2022,831.3392857142857,2543.518924473699,-74,17392
Oceania,18/09/2022 - 24/09/2022,903.625,2647.660542389691,0,14155
Oceania,25/09/2022 - 01/10/2022,861.0535714285714,2385.5670369928853,-226,12574
Oceania,02/10/2022 - 08/10/2022,814.1071428571429,2266.37955321274,-17,10753
Oceania,09/10/2022 - 15/10/2022,788.4821428571429,2402.895223313072,-1158,11810
Oceania,16/10/2022 - 22/10/2022,841.4821428571429,2485.589134416601,-880,14288
Oceania,23/10/2022 - 29/10/2022,891.0,2679.2882908441456,0,16343
Oceania,30/10/2022 - 05/11/2022,1116.5,3332.1359952602606,0,20456
Oceania,06/11/2022 - 12/11/2022,1439.875,4018.195959122587,0,20770
Oceania,13/11/2022 - 19/11/2022,1782.017857142857,5014.40960175979,-151,27864
Oceania,20/11/2022 - 26/11/2022,2010.5535714285713,5623.332289082831,0,31506
Oceania,27/11/2022 - 03/12/2022,2339.5714285714284,6603.8754568321965,-2678,37781
Oceania,04/12/2022 - 10/12/2022,2535.4285714285716,7366.488323006221,-624,40179
Oceania,11/12/2022 - 17/12/2022,2664.0178571428573,7967.193666966308,0,40680
Oceania,18/12/2022 - 24/12/2022,2672.75,7917.907398595115,0,42699
Oceania,25/12/2022 - 31/12/2022,1540.5535714285713,5677.34339576545,0,31970
Oceania,01/01/2023 - 07/01/2023,1714.1785714285713,5067.251699463358,0,22740
Oceania,08/01/2023 - 14/01/2023,1128.5535714285713,3631.375236211322,-105,21660
Oceania,15/01/2023 - 21/01/2023,816.2321428571429,2970.800810256517,-266,19179
Oceania,22/01/2023 - 28/01/2023,622.4642857142857,2227.66882608284,0,13855
Oceania,29/01/2023 - 04/02/2023,497.75,1776.220760747124,-213,10567
Oceania,05/02/2023 - 11/02/2023,466.76785714285717,1568.4110197738512,0,8860
Oceania,12/02/2023 - 18/02/2023,457.5,1515.3955739194125,0,8364
Oceania,19/02/2023 - 25/02/2023,477.73214285714283,1525.443321447261,0,8196
Oceania,26/02/2023 - 04/03/2023,502.85714285714283,1655.9295486613764,0,9077
Oceania,05/03/2023 - 11/03/2023,631.875,2213.067579668431,0,11439
